[
{
    "pk": 1, 
    "model": "document.mentoringtype", 
    "fields": {
        "title": "\uc815\uaddc"
    }
},
{
    "pk": 2, 
    "model": "document.mentoringtype", 
    "fields": {
        "title": "\uc790\uc720"
    }
},
{
    "pk": 3, 
    "model": "document.mentoringtype", 
    "fields": {
        "title": "\ud611\uc5c5"
    }
},
{
    "pk": 1, 
    "model": "lectureroom.lectureroom", 
    "fields": {
        "name": "\uc544\ub0a8\ud0c0\uc6cc : \uae30\ud0c0"
    }
},
{
    "pk": 2, 
    "model": "lectureroom.lectureroom", 
    "fields": {
        "name": "\uc5f0\uc218\uc13c\ud130 7\uce35 : \ud574\ucc2c1"
    }
},
{
    "pk": 3, 
    "model": "lectureroom.lectureroom", 
    "fields": {
        "name": "\uc5f0\uc218\uc13c\ud130 7\uce35 : \ud574\ucc2c2"
    }
},
{
    "pk": 4, 
    "model": "lectureroom.lectureroom", 
    "fields": {
        "name": "\uc5f0\uc218\uc13c\ud130 7\uce35 : \ud574\ucc2c3"
    }
},
{
    "pk": 5, 
    "model": "lectureroom.lectureroom", 
    "fields": {
        "name": "\uc5f0\uc218\uc13c\ud130 2\uce35 : \uc544\ub78c2-1"
    }
},
{
    "pk": 6, 
    "model": "lectureroom.lectureroom", 
    "fields": {
        "name": "\uc5f0\uc218\uc13c\ud130 2\uce35 : \uc544\ub78c2-2"
    }
},
{
    "pk": 7, 
    "model": "lectureroom.lectureroom", 
    "fields": {
        "name": "\uc5f0\uc218\uc13c\ud130 2\uce35 : \uc544\ub78c2-3"
    }
},
{
    "pk": 8, 
    "model": "lectureroom.lectureroom", 
    "fields": {
        "name": "\uc5f0\uc218\uc13c\ud130 7\uce35 : \uc544\ub78c7-1"
    }
},
{
    "pk": 9, 
    "model": "lectureroom.lectureroom", 
    "fields": {
        "name": "\uc5f0\uc218\uc13c\ud130 7\uce35 : \uc544\ub78c7-2"
    }
},
{
    "pk": 10, 
    "model": "lectureroom.lectureroom", 
    "fields": {
        "name": "\uc5f0\uc218\uc13c\ud130 7\uce35 : \uc544\ub78c7-3"
    }
},
{
    "pk": 11, 
    "model": "lectureroom.lectureroom", 
    "fields": {
        "name": "\uc5f0\uc218\uc13c\ud130 7\uce35 : \uc544\ub78c7-4"
    }
},
{
    "pk": 12, 
    "model": "lectureroom.lectureroom", 
    "fields": {
        "name": "\uc5f0\uc218\uc13c\ud130 7\uce35 : \uc544\ub78c7-5"
    }
},
{
    "pk": 13, 
    "model": "lectureroom.lectureroom", 
    "fields": {
        "name": "\uc5f0\uc218\uc13c\ud130 7\uce35 : \uc544\ub78c7-6"
    }
},
{
    "pk": 14, 
    "model": "lectureroom.lectureroom", 
    "fields": {
        "name": "\uc5f0\uc218\uc13c\ud130 7\uce35 : \uc544\ub78c7-7"
    }
},
{
    "pk": 15, 
    "model": "lectureroom.lectureroom", 
    "fields": {
        "name": "\uc5f0\uc218\uc13c\ud130 2\uce35 : \ucee4\ubba4\ub2c8\ud2f0"
    }
},
{
    "pk": 1, 
    "model": "log.type", 
    "fields": {
        "title": "\uc720\uc800 \ub2e8\uacc4 \ubcc0\uacbd"
    }
},
{
    "pk": 1, 
    "model": "member.type", 
    "fields": {
        "priority": 5, 
        "visibility": true, 
        "title": "\uba58\ud2f0"
    }
},
{
    "pk": 2, 
    "model": "member.type", 
    "fields": {
        "priority": 5, 
        "visibility": true, 
        "title": "\uba58\ud1a0"
    }
},
{
    "pk": 3, 
    "model": "member.type", 
    "fields": {
        "priority": 5, 
        "visibility": true, 
        "title": "\uad00\ub9ac\uc790"
    }
},
{
    "pk": 4, 
    "model": "member.type", 
    "fields": {
        "priority": 5, 
        "visibility": true, 
        "title": "\uc2dc\uc2a4\ud15c \uad00\ub9ac\uc790"
    }
},
{
    "pk": 1, 
    "model": "member.educationlevel", 
    "fields": {
        "priority": 3, 
        "visibility": true, 
        "title": "\uace0\ub4f1\ud559\uad50 \uc7ac\ud559"
    }
},
{
    "pk": 2, 
    "model": "member.educationlevel", 
    "fields": {
        "priority": 3, 
        "visibility": true, 
        "title": "\uace0\ub4f1\ud559\uad50 \uc878\uc5c5"
    }
},
{
    "pk": 3, 
    "model": "member.educationlevel", 
    "fields": {
        "priority": 3, 
        "visibility": true, 
        "title": "\ub300\ud559\uad50 \uc7ac\ud559"
    }
},
{
    "pk": 4, 
    "model": "member.educationlevel", 
    "fields": {
        "priority": 3, 
        "visibility": true, 
        "title": "\ub300\ud559\uad50 \uc878\uc5c5"
    }
},
{
    "pk": 5, 
    "model": "member.educationlevel", 
    "fields": {
        "priority": 3, 
        "visibility": true, 
        "title": "\ub300\ud559\uc6d0 \uc7ac\ud559"
    }
},
{
    "pk": 6, 
    "model": "member.educationlevel", 
    "fields": {
        "priority": 3, 
        "visibility": true, 
        "title": "\ud574\ub2f9\uc5c6\uc74c"
    }
},
{
    "pk": 1, 
    "model": "member.military", 
    "fields": {
        "priority": 2, 
        "visibility": true, 
        "title": "\uba74\uc81c"
    }
},
{
    "pk": 2, 
    "model": "member.military", 
    "fields": {
        "priority": 2, 
        "visibility": true, 
        "title": "\ubbf8\ud544"
    }
},
{
    "pk": 3, 
    "model": "member.military", 
    "fields": {
        "priority": 2, 
        "visibility": true, 
        "title": "\uad70\ud544"
    }
},
{
    "pk": 4, 
    "model": "member.military", 
    "fields": {
        "priority": 2, 
        "visibility": true, 
        "title": "\ud574\ub2f9\uc5c6\uc74c"
    }
},
{
    "pk": 1, 
    "model": "member.courseterm", 
    "fields": {
        "priority": 0, 
        "visibility": true, 
        "title": "1\uae30"
    }
},
{
    "pk": 2, 
    "model": "member.courseterm", 
    "fields": {
        "priority": 0, 
        "visibility": true, 
        "title": "2\uae30"
    }
},
{
    "pk": 3, 
    "model": "member.courseterm", 
    "fields": {
        "priority": 0, 
        "visibility": true, 
        "title": "3\uae30"
    }
},
{
    "pk": 4, 
    "model": "member.courseterm", 
    "fields": {
        "priority": 0, 
        "visibility": true, 
        "title": "4\uae30"
    }
},
{
    "pk": 5, 
    "model": "member.courseterm", 
    "fields": {
        "priority": 0, 
        "visibility": true, 
        "title": "5\uae30"
    }
},
{
    "pk": 6, 
    "model": "member.courseterm", 
    "fields": {
        "priority": 0, 
        "visibility": true, 
        "title": "6\uae30"
    }
},
{
    "pk": 7, 
    "model": "member.courseterm", 
    "fields": {
        "priority": 0, 
        "visibility": true, 
        "title": "7\uae30"
    }
},
{
    "pk": 8, 
    "model": "member.courseterm", 
    "fields": {
        "priority": 0, 
        "visibility": true, 
        "title": "\ud574\ub2f9\uc5c6\uc74c"
    }
},
{
    "pk": 1, 
    "model": "member.coursestatus", 
    "fields": {
        "priority": 4, 
        "visibility": true, 
        "title": "\uc9c4\ud589"
    }
},
{
    "pk": 2, 
    "model": "member.coursestatus", 
    "fields": {
        "priority": 4, 
        "visibility": true, 
        "title": "\uc218\ub8cc"
    }
},
{
    "pk": 3, 
    "model": "member.coursestatus", 
    "fields": {
        "priority": 4, 
        "visibility": true, 
        "title": "\ud0c8\ub77d"
    }
},
{
    "pk": 4, 
    "model": "member.coursestatus", 
    "fields": {
        "priority": 4, 
        "visibility": true, 
        "title": "\ud3ec\uae30"
    }
},
{
    "pk": 5, 
    "model": "member.coursestatus", 
    "fields": {
        "priority": 4, 
        "visibility": true, 
        "title": "\ud574\ub2f9\uc5c6\uc74c"
    }
},
{
    "pk": 1, 
    "model": "member.coursestep", 
    "fields": {
        "priority": 1, 
        "visibility": true, 
        "title": "1\ub2e8\uacc4-1\ucc28"
    }
},
{
    "pk": 2, 
    "model": "member.coursestep", 
    "fields": {
        "priority": 1, 
        "visibility": true, 
        "title": "1\ub2e8\uacc4-2\ucc28"
    }
},
{
    "pk": 3, 
    "model": "member.coursestep", 
    "fields": {
        "priority": 1, 
        "visibility": true, 
        "title": "2\ub2e8\uacc4"
    }
},
{
    "pk": 4, 
    "model": "member.coursestep", 
    "fields": {
        "priority": 1, 
        "visibility": true, 
        "title": "3\ub2e8\uacc4"
    }
},
{
    "pk": 5, 
    "model": "member.coursestep", 
    "fields": {
        "priority": 1, 
        "visibility": true, 
        "title": "\uc778\uc99d\uc790"
    }
},
{
    "pk": 6, 
    "model": "member.coursestep", 
    "fields": {
        "priority": 1, 
        "visibility": true, 
        "title": "\ud3ec\uae30\uc790(1\ub2e8\uacc4-1\ucc28)"
    }
},
{
    "pk": 7, 
    "model": "member.coursestep", 
    "fields": {
        "priority": 1, 
        "visibility": true, 
        "title": "\ud3ec\uae30\uc790(1\ub2e8\uacc4-2\ucc28)"
    }
},
{
    "pk": 8, 
    "model": "member.coursestep", 
    "fields": {
        "priority": 1, 
        "visibility": true, 
        "title": "\ud3ec\uae30\uc790(2\ub2e8\uacc4)"
    }
},
{
    "pk": 9, 
    "model": "member.coursestep", 
    "fields": {
        "priority": 1, 
        "visibility": true, 
        "title": "\ud3ec\uae30\uc790(3\ub2e8\uacc4)"
    }
},
{
    "pk": 10, 
    "model": "member.coursestep", 
    "fields": {
        "priority": 1, 
        "visibility": true, 
        "title": "\ud574\ub2f9\uc5c6\uc74c"
    }
},
{
    "pk": 1, 
    "model": "member.somauser", 
    "fields": {
        "phone_number": "02-6933-0705", 
        "last_name": "\uad00", 
        "photo": "/static/img/logo.gif", 
        "twitter": "SW Maestro", 
        "course_status": 5, 
        "android_registration_id": "", 
        "is_staff": true, 
        "google": "SW Maestro", 
        "education_level": 6, 
        "user_permissions": [], 
        "course_term": 8, 
        "first_name": "\ub9ac\uc790", 
        "zipcode": "135-565", 
        "is_superuser": true, 
        "last_login": "2013-11-22T01:14:25.559", 
        "home_number": "02-6933-0701", 
        "date_joined": "2013-10-01T07:04:12", 
        "type": 4, 
        "email": "somain.kr@gmail.com", 
        "course_step": 10, 
        "username": "root", 
        "address1": "\uc11c\uc6b8\ud2b9\ubcc4\uc2dc \uac15\ub0a8\uad6c \ud14c\ud5e4\ub780\ub85c", 
        "address2": "311 \uc544\ub0a8\ud0c0\uc6cc\ube4c\ub529", 
        "is_active": true, 
        "course_description": "", 
        "birthday": "2013-10-01", 
        "facebook": "SW Maestro", 
        "rr_number": "111111-1111111", 
        "groups": [], 
        "is_approval": true, 
        "password": "pbkdf2_sha256$12000$IDEIDB1WOn1C$oZadBDU1kc8rhb9XkHMwPWwISpTsSDukM3j+JfVtMjk=", 
        "school": "SW Maestro", 
        "gender": "M", 
        "age": 100, 
        "military": 4, 
        "is_receive_staff_mail": true, 
        "is_receive_mail": true
    }
},
{
    "pk": 2, 
    "model": "member.somauser", 
    "fields": {
        "phone_number": "010-3874-123", 
        "last_name": "\uc774", 
        "photo": "photo/\uc6b0\uce20\uc2a4\ud0c0_5.png", 
        "twitter": "", 
        "course_status": 1, 
        "android_registration_id": "APA91bHoHVxAKu8aGTR7Jx-QhVdevmJM0u1T3sBWavSALgTg8lxn9f4HXu8ZjpLSNOZeUAppoZbjA2cyCzcq90ZcGIdg4zeIt_-YMpx9YIRmwr_L2e7NhnVm_b7JK1xSjyKHr5sfgECrY5ikGbRCEixCVJ5mlQd1yg", 
        "is_staff": false, 
        "google": "", 
        "education_level": 3, 
        "user_permissions": [], 
        "course_term": 4, 
        "first_name": "\ud55c\uc601", 
        "zipcode": "426-181", 
        "is_superuser": false, 
        "last_login": "2013-11-22T01:13:53.663", 
        "home_number": "02-6933-0701", 
        "date_joined": "2013-10-01T08:16:21", 
        "type": 1, 
        "email": "somain.kr@gmail.com", 
        "course_step": 2, 
        "username": "leehanyeong", 
        "address1": "\uc11c\uc6b8\uc2dc", 
        "address2": "\uc5b4\ub518\uac00", 
        "is_active": true, 
        "course_description": "", 
        "birthday": "1988-03-24", 
        "facebook": "", 
        "rr_number": "880324-9839283", 
        "groups": [], 
        "is_approval": true, 
        "password": "pbkdf2_sha256$12000$WhGj9Nrnj86G$xyuzw1ed1N/J/OEY+tBSiai+TQoCGuhCgG2fwfSc9OE=", 
        "school": "", 
        "gender": "M", 
        "age": 26, 
        "military": 3, 
        "is_receive_staff_mail": false, 
        "is_receive_mail": true
    }
},
{
    "pk": 3, 
    "model": "member.somauser", 
    "fields": {
        "phone_number": "02-6933-0705", 
        "last_name": "\uae40", 
        "photo": "/static/img/logo.gif", 
        "twitter": "SW Maestro", 
        "course_status": 1, 
        "android_registration_id": "", 
        "is_staff": false, 
        "google": "SW Maestro", 
        "education_level": 3, 
        "user_permissions": [], 
        "course_term": 4, 
        "first_name": "\uac15\uc131", 
        "zipcode": "135-565", 
        "is_superuser": false, 
        "last_login": "2013-10-10T16:48:56.467", 
        "home_number": "02-6933-0701", 
        "date_joined": "2013-10-01T10:49:43", 
        "type": 1, 
        "email": "kimkangseong@somain.kr", 
        "course_step": 2, 
        "username": "kimkangseong", 
        "address1": "\uc11c\uc6b8\ud2b9\ubcc4\uc2dc \uac15\ub0a8\uad6c \ud14c\ud5e4\ub780\ub85c", 
        "address2": "311 \uc544\ub0a8\ud0c0\uc6cc\ube4c\ub529", 
        "is_active": true, 
        "course_description": "", 
        "birthday": "2013-10-01", 
        "facebook": "SW Maestro", 
        "rr_number": "892343-1111111", 
        "groups": [], 
        "is_approval": true, 
        "password": "pbkdf2_sha256$10000$GyzXlmydQew0$H1AqOTEIe2EJgXOkG1pPP/KwBEEAfKwh3J+ZxTNSg+Y=", 
        "school": "SW Maestro", 
        "gender": "M", 
        "age": 25, 
        "military": 3, 
        "is_receive_staff_mail": false, 
        "is_receive_mail": true
    }
},
{
    "pk": 4, 
    "model": "member.somauser", 
    "fields": {
        "phone_number": "02-6933-0705", 
        "last_name": "\uc774", 
        "photo": "/static/img/logo.gif", 
        "twitter": "SW Maestro", 
        "course_status": 1, 
        "android_registration_id": "", 
        "is_staff": false, 
        "google": "SW Maestro", 
        "education_level": 3, 
        "user_permissions": [], 
        "course_term": 4, 
        "first_name": "\uc900\uc601", 
        "zipcode": "135-565", 
        "is_superuser": false, 
        "last_login": "2013-10-10T16:48:19.646", 
        "home_number": "02-6933-0701", 
        "date_joined": "2013-10-01T10:50:20", 
        "type": 1, 
        "email": "leejunyeong@somain.kr", 
        "course_step": 2, 
        "username": "leejunyeong", 
        "address1": "\uc11c\uc6b8\ud2b9\ubcc4\uc2dc \uac15\ub0a8\uad6c \ud14c\ud5e4\ub780\ub85c", 
        "address2": "311 \uc544\ub0a8\ud0c0\uc6cc\ube4c\ub529", 
        "is_active": true, 
        "course_description": "", 
        "birthday": "2013-10-01", 
        "facebook": "SW Maestro", 
        "rr_number": "890402-1111111", 
        "groups": [], 
        "is_approval": true, 
        "password": "pbkdf2_sha256$10000$KRl8lQA8HO02$bnMAC358FWNXWOwuCWLJ0Uj6u7dnR2yBY4PdNwhaAF4=", 
        "school": "SW Maestro", 
        "gender": "M", 
        "age": 25, 
        "military": 3, 
        "is_receive_staff_mail": false, 
        "is_receive_mail": true
    }
},
{
    "pk": 6, 
    "model": "member.somauser", 
    "fields": {
        "phone_number": "02-6933-0705", 
        "last_name": "\ucd5c", 
        "photo": "/static/img/logo.gif", 
        "twitter": "SW Maestro", 
        "course_status": 1, 
        "android_registration_id": "APA91bHoHVxAKu8aGTR7Jx-QhVdevmJM0u1T3sBWavSALgTg8lxn9f4HXu8ZjpLSNOZeUAppoZbjA2cyCzcq90ZcGIdg4zeIt_-YMpx9YIRmwr_L2e7NhnVm_b7JK1xSjyKHr5sfgECrY5ikGbRCEixCVJ5mlQd1yg", 
        "is_staff": false, 
        "google": "SW Maestro", 
        "education_level": 3, 
        "user_permissions": [], 
        "course_term": 4, 
        "first_name": "\ubcf4\ucca0", 
        "zipcode": "135-565", 
        "is_superuser": false, 
        "last_login": "2013-10-01T10:51:06", 
        "home_number": "02-6933-0701", 
        "date_joined": "2013-10-01T10:51:06", 
        "type": 1, 
        "email": "choibocheol@somain.kr", 
        "course_step": 2, 
        "username": "choibocheol", 
        "address1": "\uc11c\uc6b8\ud2b9\ubcc4\uc2dc \uac15\ub0a8\uad6c \ud14c\ud5e4\ub780\ub85c", 
        "address2": "311 \uc544\ub0a8\ud0c0\uc6cc\ube4c\ub529", 
        "is_active": true, 
        "course_description": "", 
        "birthday": "2013-10-01", 
        "facebook": "SW Maestro", 
        "rr_number": "931203-1111111", 
        "groups": [], 
        "is_approval": true, 
        "password": "pbkdf2_sha256$10000$BZQJiaZ622QD$mdIvexV+zzW9aBJoJU3I5XQ+twUWjVxLRaJAZx+x7xU=", 
        "school": "SW Maestro", 
        "gender": "M", 
        "age": 100, 
        "military": 2, 
        "is_receive_staff_mail": false, 
        "is_receive_mail": true
    }
},
{
    "pk": 8, 
    "model": "member.somauser", 
    "fields": {
        "phone_number": "02-6933-0705", 
        "last_name": "\ubc30", 
        "photo": "/static/img/logo.gif", 
        "twitter": "SW Maestro", 
        "course_status": 5, 
        "android_registration_id": "APA91bEgX69jM1PGS2Gnw37cspZTe6ki2CfU3TdJPB93fuPDPGH4d1-2vY5LMuvagy_kwUDNoxS7ccKMOlHpSHS0MQVGlx7Q3bkyjAb9vsrnlN5IJrdf03ydU1n-WeYVRgCMB-JGGDWuzhgFdYgzxH0sxoAKfoH-ew", 
        "is_staff": true, 
        "google": "SW Maestro", 
        "education_level": 6, 
        "user_permissions": [], 
        "course_term": 8, 
        "first_name": "\uad8c\ud55c", 
        "zipcode": "135-565", 
        "is_superuser": true, 
        "last_login": "2013-11-22T01:52:36.628", 
        "home_number": "02-6933-0701", 
        "date_joined": "2013-10-01T10:55:55", 
        "type": 2, 
        "email": "darjeeling@somain.kr", 
        "course_step": 10, 
        "username": "darjeeling", 
        "address1": "\uc11c\uc6b8\ud2b9\ubcc4\uc2dc \uac15\ub0a8\uad6c \ud14c\ud5e4\ub780\ub85c", 
        "address2": "311 \uc544\ub0a8\ud0c0\uc6cc\ube4c\ub529", 
        "is_active": true, 
        "course_description": "", 
        "birthday": "2013-10-01", 
        "facebook": "SW Maestro", 
        "rr_number": "111111-1111111", 
        "groups": [], 
        "is_approval": true, 
        "password": "pbkdf2_sha256$12000$ylWZUjdQudzb$qUoefgDtjN5Jm3L8ZW1yoB6NFRPOsUSS8nmPc+B6sgQ=", 
        "school": "SW Maestro", 
        "gender": "M", 
        "age": 100, 
        "military": 4, 
        "is_receive_staff_mail": false, 
        "is_receive_mail": true
    }
},
{
    "pk": 9, 
    "model": "member.somauser", 
    "fields": {
        "phone_number": "02-6933-0705", 
        "last_name": "\uc774", 
        "photo": "/static/img/logo.gif", 
        "twitter": "SW Maestro", 
        "course_status": 5, 
        "android_registration_id": "", 
        "is_staff": true, 
        "google": "SW Maestro", 
        "education_level": 6, 
        "user_permissions": [], 
        "course_term": 8, 
        "first_name": "\ud6a8\ubbfc", 
        "zipcode": "135-565", 
        "is_superuser": false, 
        "last_login": "2013-10-01T10:56:53", 
        "home_number": "02-6933-0701", 
        "date_joined": "2013-10-01T10:56:53", 
        "type": 3, 
        "email": "leehyomin@somain.kr", 
        "course_step": 10, 
        "username": "leehyomin", 
        "address1": "\uc11c\uc6b8\ud2b9\ubcc4\uc2dc \uac15\ub0a8\uad6c \ud14c\ud5e4\ub780\ub85c", 
        "address2": "311 \uc544\ub0a8\ud0c0\uc6cc\ube4c\ub529", 
        "is_active": true, 
        "course_description": "", 
        "birthday": "2013-10-01", 
        "facebook": "SW Maestro", 
        "rr_number": "111111-1111111", 
        "groups": [], 
        "is_approval": true, 
        "password": "pbkdf2_sha256$10000$CNqmg68mnoJA$4ofysaa4iLsZB/m2aTUVO9g2E8YtmXk3sdwFsZEYJ3c=", 
        "school": "SW Maestro", 
        "gender": "M", 
        "age": 100, 
        "military": 4, 
        "is_receive_staff_mail": true, 
        "is_receive_mail": false
    }
},
{
    "pk": 10, 
    "model": "member.somauser", 
    "fields": {
        "phone_number": "02-6933-0705", 
        "last_name": "\uace0", 
        "photo": "/static/img/logo.gif", 
        "twitter": "SW Maestro", 
        "course_status": 5, 
        "android_registration_id": "", 
        "is_staff": false, 
        "google": "SW Maestro", 
        "education_level": 6, 
        "user_permissions": [], 
        "course_term": 8, 
        "first_name": "\uc7ac\uad00", 
        "zipcode": "135-565", 
        "is_superuser": false, 
        "last_login": "2013-10-10T17:05:01.677", 
        "home_number": "02-6933-0701", 
        "date_joined": "2013-10-01T13:29:39", 
        "type": 2, 
        "email": "gojaegwan@somain.kr", 
        "course_step": 10, 
        "username": "gojaegwan", 
        "address1": "\uc11c\uc6b8\ud2b9\ubcc4\uc2dc \uac15\ub0a8\uad6c \ud14c\ud5e4\ub780\ub85c", 
        "address2": "311 \uc544\ub0a8\ud0c0\uc6cc\ube4c\ub529", 
        "is_active": true, 
        "course_description": "", 
        "birthday": "2013-10-01", 
        "facebook": "SW Maestro", 
        "rr_number": "111111-1111111", 
        "groups": [], 
        "is_approval": true, 
        "password": "pbkdf2_sha256$10000$XuoUYJaQ8let$gH/wIcvVQR/hQSTM61qcHHSSL02Zo1fArdT7tJHiD4k=", 
        "school": "SW Maestro", 
        "gender": "M", 
        "age": 100, 
        "military": 4, 
        "is_receive_staff_mail": false, 
        "is_receive_mail": true
    }
},
{
    "pk": 11, 
    "model": "member.somauser", 
    "fields": {
        "phone_number": "02-6933-0705", 
        "last_name": "\ud64d", 
        "photo": "/static/img/logo.gif", 
        "twitter": "SW Maestro", 
        "course_status": 1, 
        "android_registration_id": "", 
        "is_staff": false, 
        "google": "SW Maestro", 
        "education_level": 3, 
        "user_permissions": [], 
        "course_term": 4, 
        "first_name": "\uc131\ube48", 
        "zipcode": "135-565", 
        "is_superuser": false, 
        "last_login": "2013-10-10T17:07:46", 
        "home_number": "02-6933-0701", 
        "date_joined": "2013-10-01T17:44:24", 
        "type": 1, 
        "email": "hongseongbin@somain.kr", 
        "course_step": 2, 
        "username": "hongseongbin", 
        "address1": "\uc11c\uc6b8\ud2b9\ubcc4\uc2dc \uac15\ub0a8\uad6c \ud14c\ud5e4\ub780\ub85c", 
        "address2": "311 \uc544\ub0a8\ud0c0\uc6cc\ube4c\ub529", 
        "is_active": true, 
        "course_description": "", 
        "birthday": "2013-10-02", 
        "facebook": "SW Maestro", 
        "rr_number": "111111-1111111", 
        "groups": [], 
        "is_approval": true, 
        "password": "pbkdf2_sha256$10000$PX4PuiUDHNaY$htWDG1dvsb17FH2SPBgEsI+74WtHZDdcHZ0ljDmZznY=", 
        "school": "SW Maestro", 
        "gender": "M", 
        "age": 21, 
        "military": 2, 
        "is_receive_staff_mail": false, 
        "is_receive_mail": true
    }
},
{
    "pk": 12, 
    "model": "member.somauser", 
    "fields": {
        "phone_number": "02-6933-0705", 
        "last_name": "\ud55c", 
        "photo": "/static/img/logo.gif", 
        "twitter": "SW Maestro", 
        "course_status": 1, 
        "android_registration_id": "", 
        "is_staff": false, 
        "google": "SW Maestro", 
        "education_level": 1, 
        "user_permissions": [], 
        "course_term": 4, 
        "first_name": "\uc218\ud6c8", 
        "zipcode": "135-565", 
        "is_superuser": false, 
        "last_login": "2013-10-10T17:07:31", 
        "home_number": "02-6933-0701", 
        "date_joined": "2013-10-10T16:52:44", 
        "type": 1, 
        "email": "hansuhun@somain.kr", 
        "course_step": 2, 
        "username": "hansuhun", 
        "address1": "\uc11c\uc6b8\ud2b9\ubcc4\uc2dc \uac15\ub0a8\uad6c \ud14c\ud5e4\ub780\ub85c", 
        "address2": "311 \uc544\ub0a8\ud0c0\uc6cc\ube4c\ub529", 
        "is_active": true, 
        "course_description": "", 
        "birthday": "2013-10-10", 
        "facebook": "SW Maestro", 
        "rr_number": "111111-1111111", 
        "groups": [], 
        "is_approval": true, 
        "password": "pbkdf2_sha256$10000$af1gecQMVzcV$3YyNCKcPR83Vjw8hlERtoyLCy94A3/GQfZSKtkI40RY=", 
        "school": "SW Maestro", 
        "gender": "M", 
        "age": 19, 
        "military": 2, 
        "is_receive_staff_mail": false, 
        "is_receive_mail": true
    }
},
{
    "pk": 13, 
    "model": "member.somauser", 
    "fields": {
        "phone_number": "02-6933-0705", 
        "last_name": "\uae40", 
        "photo": "/static/img/logo.gif", 
        "twitter": "SW Maestro", 
        "course_status": 1, 
        "android_registration_id": "", 
        "is_staff": false, 
        "google": "SW Maestro", 
        "education_level": 3, 
        "user_permissions": [], 
        "course_term": 4, 
        "first_name": "\ud55c\uc6b8", 
        "zipcode": "135-565", 
        "is_superuser": false, 
        "last_login": "2013-10-10T17:07:59", 
        "home_number": "02-6933-0701", 
        "date_joined": "2013-10-10T16:53:01", 
        "type": 1, 
        "email": "kimhanul@somain.kr", 
        "course_step": 2, 
        "username": "kimhanul", 
        "address1": "\uc11c\uc6b8\ud2b9\ubcc4\uc2dc \uac15\ub0a8\uad6c \ud14c\ud5e4\ub780\ub85c", 
        "address2": "311 \uc544\ub0a8\ud0c0\uc6cc\ube4c\ub529", 
        "is_active": true, 
        "course_description": "", 
        "birthday": "2013-10-10", 
        "facebook": "SW Maestro", 
        "rr_number": "111111-1111111", 
        "groups": [], 
        "is_approval": true, 
        "password": "pbkdf2_sha256$10000$xwzmU0TfdwsS$I7l1PhGfruFd34p4iCjxHwR7VY5jpH01nOodVaPvUUs=", 
        "school": "SW Maestro", 
        "gender": "M", 
        "age": 26, 
        "military": 2, 
        "is_receive_staff_mail": false, 
        "is_receive_mail": true
    }
},
{
    "pk": 15, 
    "model": "member.somauser", 
    "fields": {
        "phone_number": "02-6933-0705", 
        "last_name": "\uac15", 
        "photo": "/static/img/logo.gif", 
        "twitter": "SW Maestro", 
        "course_status": 1, 
        "android_registration_id": "", 
        "is_staff": false, 
        "google": "SW Maestro", 
        "education_level": 3, 
        "user_permissions": [], 
        "course_term": 4, 
        "first_name": "\uc9c4\uc6d0", 
        "zipcode": "135-565", 
        "is_superuser": true, 
        "last_login": "2013-11-21T23:09:59", 
        "home_number": "02-6933-0701", 
        "date_joined": "2013-11-21T23:09:59", 
        "type": 1, 
        "email": "", 
        "course_step": 2, 
        "username": "kangjinwon", 
        "address1": "\uc11c\uc6b8\ud2b9\ubcc4\uc2dc \uac15\ub0a8\uad6c \ud14c\ud5e4\ub780\ub85c", 
        "address2": "311 \uc544\ub0a8\ud0c0\uc6cc\ube4c\ub529", 
        "is_active": true, 
        "course_description": "", 
        "birthday": "2013-11-21", 
        "facebook": "SW Maestro", 
        "rr_number": "111111-1111111", 
        "groups": [], 
        "is_approval": true, 
        "password": "pbkdf2_sha256$10000$nhfbOJGGuhGu$LJWISgrV78RQI7ojsOVLaokGFUJUyfyBLJFHp3ZcAv0=", 
        "school": "SW Maestro", 
        "gender": "M", 
        "age": 100, 
        "military": 2, 
        "is_receive_staff_mail": true, 
        "is_receive_mail": true
    }
},
{
    "pk": 16, 
    "model": "member.somauser", 
    "fields": {
        "phone_number": "02-6933-0705", 
        "last_name": "\uace0", 
        "photo": "/static/img/logo.gif", 
        "twitter": "SW Maestro", 
        "course_status": 1, 
        "android_registration_id": "APA91bEAvVKaq9B6wQvFlU1pb5--Ax7nLMBCZGHEBo4IR9X4Ppiz4VeVAXLl6EBXqGuxRp8aBvR33aCnlqvVReSjemmlrsbmIqmtpXT1DIokDFRCBUIbUL0jl1vvOVaq2eTm55JTby3CP9VmMMH14-e7JHedVT-GqA", 
        "is_staff": false, 
        "google": "SW Maestro", 
        "education_level": 3, 
        "user_permissions": [], 
        "course_term": 4, 
        "first_name": "\ubbfc\uaddc", 
        "zipcode": "135-565", 
        "is_superuser": true, 
        "last_login": "2013-11-21T23:10:08", 
        "home_number": "02-6933-0701", 
        "date_joined": "2013-11-21T23:10:08", 
        "type": 1, 
        "email": "", 
        "course_step": 2, 
        "username": "komingyu", 
        "address1": "\uc11c\uc6b8\ud2b9\ubcc4\uc2dc \uac15\ub0a8\uad6c \ud14c\ud5e4\ub780\ub85c", 
        "address2": "311 \uc544\ub0a8\ud0c0\uc6cc\ube4c\ub529", 
        "is_active": true, 
        "course_description": "", 
        "birthday": "2013-11-21", 
        "facebook": "SW Maestro", 
        "rr_number": "111111-1111111", 
        "groups": [], 
        "is_approval": true, 
        "password": "pbkdf2_sha256$10000$zsbinROakn0e$Ei7bCzVfBTqFpuAOIB82JmHMUy45d8ruCJIe5Ih0oT4=", 
        "school": "SW Maestro", 
        "gender": "M", 
        "age": 100, 
        "military": 2, 
        "is_receive_staff_mail": true, 
        "is_receive_mail": true
    }
},
{
    "pk": 17, 
    "model": "member.somauser", 
    "fields": {
        "phone_number": "02-6933-0705", 
        "last_name": "\uace0", 
        "photo": "/static/img/logo.gif", 
        "twitter": "SW Maestro", 
        "course_status": 1, 
        "android_registration_id": "", 
        "is_staff": false, 
        "google": "SW Maestro", 
        "education_level": 3, 
        "user_permissions": [], 
        "course_term": 4, 
        "first_name": "\ud55c\uc885", 
        "zipcode": "135-565", 
        "is_superuser": true, 
        "last_login": "2013-11-21T23:10:16", 
        "home_number": "02-6933-0701", 
        "date_joined": "2013-11-21T23:10:16", 
        "type": 1, 
        "email": "", 
        "course_step": 2, 
        "username": "kohanjong", 
        "address1": "\uc11c\uc6b8\ud2b9\ubcc4\uc2dc \uac15\ub0a8\uad6c \ud14c\ud5e4\ub780\ub85c", 
        "address2": "311 \uc544\ub0a8\ud0c0\uc6cc\ube4c\ub529", 
        "is_active": true, 
        "course_description": "", 
        "birthday": "2013-11-21", 
        "facebook": "SW Maestro", 
        "rr_number": "111111-1111111", 
        "groups": [], 
        "is_approval": true, 
        "password": "pbkdf2_sha256$10000$BStVRJkAFKf7$4tRKprwZD3nrFcm5GSAaajNMNXIXvaTFL3jIzT+ZByw=", 
        "school": "SW Maestro", 
        "gender": "M", 
        "age": 100, 
        "military": 2, 
        "is_receive_staff_mail": true, 
        "is_receive_mail": true
    }
},
{
    "pk": 18, 
    "model": "member.somauser", 
    "fields": {
        "phone_number": "02-6933-0705", 
        "last_name": "\uc720", 
        "photo": "/static/img/logo.gif", 
        "twitter": "SW Maestro", 
        "course_status": 1, 
        "android_registration_id": "", 
        "is_staff": false, 
        "google": "SW Maestro", 
        "education_level": 3, 
        "user_permissions": [], 
        "course_term": 4, 
        "first_name": "\ubcd1\ud55c", 
        "zipcode": "135-565", 
        "is_superuser": true, 
        "last_login": "2013-11-21T23:10:40", 
        "home_number": "02-6933-0701", 
        "date_joined": "2013-11-21T23:10:40", 
        "type": 1, 
        "email": "", 
        "course_step": 2, 
        "username": "yoobyeonghan", 
        "address1": "\uc11c\uc6b8\ud2b9\ubcc4\uc2dc \uac15\ub0a8\uad6c \ud14c\ud5e4\ub780\ub85c", 
        "address2": "311 \uc544\ub0a8\ud0c0\uc6cc\ube4c\ub529", 
        "is_active": true, 
        "course_description": "", 
        "birthday": "2013-11-21", 
        "facebook": "SW Maestro", 
        "rr_number": "111111-1111111", 
        "groups": [], 
        "is_approval": true, 
        "password": "pbkdf2_sha256$10000$niXUZ1wfbEeI$sTeSlAg5cqLqPLF9i9h2qEBBpv7na+Fozwgwe1NB3ZM=", 
        "school": "SW Maestro", 
        "gender": "M", 
        "age": 100, 
        "military": 2, 
        "is_receive_staff_mail": true, 
        "is_receive_mail": true
    }
},
{
    "pk": 21, 
    "model": "member.somauser", 
    "fields": {
        "phone_number": "02-6933-0705", 
        "last_name": "\uc1a1", 
        "photo": "/static/img/logo.gif", 
        "twitter": "SW Maestro", 
        "course_status": 1, 
        "android_registration_id": "APA91bEgX69jM1PGS2Gnw37cspZTe6ki2CfU3TdJPB93fuPDPGH4d1-2vY5LMuvagy_kwUDNoxS7ccKMOlHpSHS0MQVGlx7Q3bkyjAb9vsrnlN5IJrdf03ydU1n-WeYVRgCMB-JGGDWuzhgFdYgzxH0sxoAKfoH-ew", 
        "is_staff": false, 
        "google": "SW Maestro", 
        "education_level": 3, 
        "user_permissions": [], 
        "course_term": 4, 
        "first_name": "\uc9c0\ud604", 
        "zipcode": "135-565", 
        "is_superuser": true, 
        "last_login": "2013-11-21T23:11:18", 
        "home_number": "02-6933-0701", 
        "date_joined": "2013-11-21T23:11:18", 
        "type": 1, 
        "email": "", 
        "course_step": 2, 
        "username": "songjihyeon", 
        "address1": "\uc11c\uc6b8\ud2b9\ubcc4\uc2dc \uac15\ub0a8\uad6c \ud14c\ud5e4\ub780\ub85c", 
        "address2": "311 \uc544\ub0a8\ud0c0\uc6cc\ube4c\ub529", 
        "is_active": true, 
        "course_description": "", 
        "birthday": "2013-11-21", 
        "facebook": "SW Maestro", 
        "rr_number": "111111-1111111", 
        "groups": [], 
        "is_approval": true, 
        "password": "pbkdf2_sha256$10000$IKOZFa4bFAml$yyhd/oui+N322P3Xwmwxq+K5ogT9bXcO1XZc3fjwqD4=", 
        "school": "SW Maestro", 
        "gender": "M", 
        "age": 100, 
        "military": 2, 
        "is_receive_staff_mail": true, 
        "is_receive_mail": true
    }
},
{
    "pk": 25, 
    "model": "member.somauser", 
    "fields": {
        "phone_number": "02-6933-0705", 
        "last_name": "\ubc15", 
        "photo": "/static/img/logo.gif", 
        "twitter": "SW Maestro", 
        "course_status": 1, 
        "android_registration_id": "", 
        "is_staff": false, 
        "google": "SW Maestro", 
        "education_level": 3, 
        "user_permissions": [], 
        "course_term": 4, 
        "first_name": "\uc9c4\ucca0", 
        "zipcode": "135-565", 
        "is_superuser": true, 
        "last_login": "2013-11-21T23:11:55", 
        "home_number": "02-6933-0701", 
        "date_joined": "2013-11-21T23:11:55", 
        "type": 1, 
        "email": "", 
        "course_step": 2, 
        "username": "parkjincheol", 
        "address1": "\uc11c\uc6b8\ud2b9\ubcc4\uc2dc \uac15\ub0a8\uad6c \ud14c\ud5e4\ub780\ub85c", 
        "address2": "311 \uc544\ub0a8\ud0c0\uc6cc\ube4c\ub529", 
        "is_active": true, 
        "course_description": "", 
        "birthday": "2013-11-21", 
        "facebook": "SW Maestro", 
        "rr_number": "111111-1111111", 
        "groups": [], 
        "is_approval": true, 
        "password": "pbkdf2_sha256$10000$c7ZMlbZX60xL$c/SHb4DY+TDcNOI2GVLGU9VXsr/AYtzxgRIGej2FYGw=", 
        "school": "SW Maestro", 
        "gender": "M", 
        "age": 100, 
        "military": 2, 
        "is_receive_staff_mail": true, 
        "is_receive_mail": true
    }
},
{
    "pk": 26, 
    "model": "member.somauser", 
    "fields": {
        "phone_number": "02-6933-0705", 
        "last_name": "\uc720", 
        "photo": "/static/img/logo.gif", 
        "twitter": "SW Maestro", 
        "course_status": 1, 
        "android_registration_id": "", 
        "is_staff": false, 
        "google": "SW Maestro", 
        "education_level": 3, 
        "user_permissions": [], 
        "course_term": 4, 
        "first_name": "\uc740\uc0c1", 
        "zipcode": "135-565", 
        "is_superuser": true, 
        "last_login": "2013-11-21T23:12:01", 
        "home_number": "02-6933-0701", 
        "date_joined": "2013-11-21T23:12:01", 
        "type": 1, 
        "email": "", 
        "course_step": 2, 
        "username": "yooeunsang", 
        "address1": "\uc11c\uc6b8\ud2b9\ubcc4\uc2dc \uac15\ub0a8\uad6c \ud14c\ud5e4\ub780\ub85c", 
        "address2": "311 \uc544\ub0a8\ud0c0\uc6cc\ube4c\ub529", 
        "is_active": true, 
        "course_description": "", 
        "birthday": "2013-11-21", 
        "facebook": "SW Maestro", 
        "rr_number": "111111-1111111", 
        "groups": [], 
        "is_approval": true, 
        "password": "pbkdf2_sha256$10000$SEguOKZkalJB$KkLwwjZ1L0z8Vd5BCw3ilaTFKpJ2VKsV/H2QlgBfj+g=", 
        "school": "SW Maestro", 
        "gender": "M", 
        "age": 100, 
        "military": 2, 
        "is_receive_staff_mail": true, 
        "is_receive_mail": true
    }
},
{
    "pk": 27, 
    "model": "member.somauser", 
    "fields": {
        "phone_number": "02-6933-0705", 
        "last_name": "\uc804", 
        "photo": "/static/img/logo.gif", 
        "twitter": "SW Maestro", 
        "course_status": 1, 
        "android_registration_id": "", 
        "is_staff": false, 
        "google": "SW Maestro", 
        "education_level": 3, 
        "user_permissions": [], 
        "course_term": 4, 
        "first_name": "\uc720\ube48", 
        "zipcode": "135-565", 
        "is_superuser": true, 
        "last_login": "2013-11-21T23:12:11", 
        "home_number": "02-6933-0701", 
        "date_joined": "2013-11-21T23:12:11", 
        "type": 1, 
        "email": "", 
        "course_step": 2, 
        "username": "jeonyoobin", 
        "address1": "\uc11c\uc6b8\ud2b9\ubcc4\uc2dc \uac15\ub0a8\uad6c \ud14c\ud5e4\ub780\ub85c", 
        "address2": "311 \uc544\ub0a8\ud0c0\uc6cc\ube4c\ub529", 
        "is_active": true, 
        "course_description": "", 
        "birthday": "2013-11-21", 
        "facebook": "SW Maestro", 
        "rr_number": "111111-1111111", 
        "groups": [], 
        "is_approval": true, 
        "password": "pbkdf2_sha256$10000$e5rspe7PpgaN$ketk360cl7E9d2ODhZ47CHmIJDD/sZwES7kX8gN+qf4=", 
        "school": "SW Maestro", 
        "gender": "M", 
        "age": 100, 
        "military": 2, 
        "is_receive_staff_mail": true, 
        "is_receive_mail": true
    }
},
{
    "pk": 28, 
    "model": "member.somauser", 
    "fields": {
        "phone_number": "02-6933-0705", 
        "last_name": "\uae40", 
        "photo": "/static/img/logo.gif", 
        "twitter": "SW Maestro", 
        "course_status": 1, 
        "android_registration_id": "", 
        "is_staff": false, 
        "google": "SW Maestro", 
        "education_level": 3, 
        "user_permissions": [], 
        "course_term": 4, 
        "first_name": "\uc885\ucc2c", 
        "zipcode": "135-565", 
        "is_superuser": true, 
        "last_login": "2013-11-21T23:12:19", 
        "home_number": "02-6933-0701", 
        "date_joined": "2013-11-21T23:12:19", 
        "type": 1, 
        "email": "", 
        "course_step": 2, 
        "username": "kimjongchan", 
        "address1": "\uc11c\uc6b8\ud2b9\ubcc4\uc2dc \uac15\ub0a8\uad6c \ud14c\ud5e4\ub780\ub85c", 
        "address2": "311 \uc544\ub0a8\ud0c0\uc6cc\ube4c\ub529", 
        "is_active": true, 
        "course_description": "", 
        "birthday": "2013-11-21", 
        "facebook": "SW Maestro", 
        "rr_number": "111111-1111111", 
        "groups": [], 
        "is_approval": true, 
        "password": "pbkdf2_sha256$10000$GfNHy26KWE1m$7XFrHaIvGVSnmMH6GhdlqKdN6t2z8FXRM4Hg+4mhKXE=", 
        "school": "SW Maestro", 
        "gender": "M", 
        "age": 100, 
        "military": 2, 
        "is_receive_staff_mail": true, 
        "is_receive_mail": true
    }
},
{
    "pk": 29, 
    "model": "member.somauser", 
    "fields": {
        "phone_number": "02-6933-0705", 
        "last_name": "\uc870", 
        "photo": "/static/img/logo.gif", 
        "twitter": "SW Maestro", 
        "course_status": 1, 
        "android_registration_id": "", 
        "is_staff": false, 
        "google": "SW Maestro", 
        "education_level": 3, 
        "user_permissions": [], 
        "course_term": 4, 
        "first_name": "\uc7ac\ud654", 
        "zipcode": "135-565", 
        "is_superuser": true, 
        "last_login": "2013-11-21T23:12:24", 
        "home_number": "02-6933-0701", 
        "date_joined": "2013-11-21T23:12:24", 
        "type": 1, 
        "email": "", 
        "course_step": 2, 
        "username": "chojaehwa", 
        "address1": "\uc11c\uc6b8\ud2b9\ubcc4\uc2dc \uac15\ub0a8\uad6c \ud14c\ud5e4\ub780\ub85c", 
        "address2": "311 \uc544\ub0a8\ud0c0\uc6cc\ube4c\ub529", 
        "is_active": true, 
        "course_description": "", 
        "birthday": "2013-11-21", 
        "facebook": "SW Maestro", 
        "rr_number": "111111-1111111", 
        "groups": [], 
        "is_approval": true, 
        "password": "pbkdf2_sha256$10000$2hU9gAmBugtA$wqbq4Yvm2BZW3ljJ4+lUWQ7BJg7swRS/syD4MPrdvRE=", 
        "school": "SW Maestro", 
        "gender": "M", 
        "age": 100, 
        "military": 2, 
        "is_receive_staff_mail": true, 
        "is_receive_mail": true
    }
},
{
    "pk": 30, 
    "model": "member.somauser", 
    "fields": {
        "phone_number": "02-6933-0705", 
        "last_name": "\ubc31", 
        "photo": "/static/img/logo.gif", 
        "twitter": "SW Maestro", 
        "course_status": 1, 
        "android_registration_id": "", 
        "is_staff": false, 
        "google": "SW Maestro", 
        "education_level": 3, 
        "user_permissions": [], 
        "course_term": 4, 
        "first_name": "\uc9c0\ud6c8", 
        "zipcode": "135-565", 
        "is_superuser": true, 
        "last_login": "2013-11-21T23:12:46", 
        "home_number": "02-6933-0701", 
        "date_joined": "2013-11-21T23:12:46", 
        "type": 1, 
        "email": "", 
        "course_step": 2, 
        "username": "baekjihoon", 
        "address1": "\uc11c\uc6b8\ud2b9\ubcc4\uc2dc \uac15\ub0a8\uad6c \ud14c\ud5e4\ub780\ub85c", 
        "address2": "311 \uc544\ub0a8\ud0c0\uc6cc\ube4c\ub529", 
        "is_active": true, 
        "course_description": "", 
        "birthday": "2013-11-21", 
        "facebook": "SW Maestro", 
        "rr_number": "111111-1111111", 
        "groups": [], 
        "is_approval": true, 
        "password": "pbkdf2_sha256$10000$m3m3jVFMDKrM$7QohqjHaBuRitIuqggAqlFDHxgeiGBxQWyqQuPz9B20=", 
        "school": "SW Maestro", 
        "gender": "M", 
        "age": 100, 
        "military": 2, 
        "is_receive_staff_mail": true, 
        "is_receive_mail": true
    }
},
{
    "pk": 31, 
    "model": "member.somauser", 
    "fields": {
        "phone_number": "02-6933-0705", 
        "last_name": "\uc2e0", 
        "photo": "/static/img/logo.gif", 
        "twitter": "SW Maestro", 
        "course_status": 1, 
        "android_registration_id": "", 
        "is_staff": false, 
        "google": "SW Maestro", 
        "education_level": 3, 
        "user_permissions": [], 
        "course_term": 4, 
        "first_name": "\uc601\ubbfc", 
        "zipcode": "135-565", 
        "is_superuser": true, 
        "last_login": "2013-11-21T23:12:56", 
        "home_number": "02-6933-0701", 
        "date_joined": "2013-11-21T23:12:56", 
        "type": 1, 
        "email": "", 
        "course_step": 2, 
        "username": "shinyeongmin", 
        "address1": "\uc11c\uc6b8\ud2b9\ubcc4\uc2dc \uac15\ub0a8\uad6c \ud14c\ud5e4\ub780\ub85c", 
        "address2": "311 \uc544\ub0a8\ud0c0\uc6cc\ube4c\ub529", 
        "is_active": true, 
        "course_description": "", 
        "birthday": "2013-11-21", 
        "facebook": "SW Maestro", 
        "rr_number": "111111-1111111", 
        "groups": [], 
        "is_approval": true, 
        "password": "pbkdf2_sha256$10000$lTq10SitBKNi$IoQ3JgguDioO7kNsqdpMUq2hvj5IXDGoPPKGhyzNo3o=", 
        "school": "SW Maestro", 
        "gender": "M", 
        "age": 100, 
        "military": 2, 
        "is_receive_staff_mail": true, 
        "is_receive_mail": true
    }
},
{
    "pk": 32, 
    "model": "member.somauser", 
    "fields": {
        "phone_number": "02-6933-0705", 
        "last_name": "\ucd5c", 
        "photo": "/static/img/logo.gif", 
        "twitter": "SW Maestro", 
        "course_status": 1, 
        "android_registration_id": "", 
        "is_staff": false, 
        "google": "SW Maestro", 
        "education_level": 3, 
        "user_permissions": [], 
        "course_term": 4, 
        "first_name": "\ud0dc\uac74", 
        "zipcode": "135-565", 
        "is_superuser": true, 
        "last_login": "2013-11-21T23:13:08", 
        "home_number": "02-6933-0701", 
        "date_joined": "2013-11-21T23:13:08", 
        "type": 1, 
        "email": "", 
        "course_step": 2, 
        "username": "choitaegeon", 
        "address1": "\uc11c\uc6b8\ud2b9\ubcc4\uc2dc \uac15\ub0a8\uad6c \ud14c\ud5e4\ub780\ub85c", 
        "address2": "311 \uc544\ub0a8\ud0c0\uc6cc\ube4c\ub529", 
        "is_active": true, 
        "course_description": "", 
        "birthday": "2013-11-21", 
        "facebook": "SW Maestro", 
        "rr_number": "111111-1111111", 
        "groups": [], 
        "is_approval": true, 
        "password": "pbkdf2_sha256$10000$VZzGgcEoiTDJ$Z1wkS/V4S7XkdrQdP2OmHusdQ6BSK5zFFgToG7kWhbM=", 
        "school": "SW Maestro", 
        "gender": "M", 
        "age": 100, 
        "military": 2, 
        "is_receive_staff_mail": true, 
        "is_receive_mail": true
    }
},
{
    "pk": 33, 
    "model": "member.somauser", 
    "fields": {
        "phone_number": "02-6933-0705", 
        "last_name": "\ud55c", 
        "photo": "/static/img/logo.gif", 
        "twitter": "SW Maestro", 
        "course_status": 5, 
        "android_registration_id": "APA91bEAvVKaq9B6wQvFlU1pb5--Ax7nLMBCZGHEBo4IR9X4Ppiz4VeVAXLl6EBXqGuxRp8aBvR33aCnlqvVReSjemmlrsbmIqmtpXT1DIokDFRCBUIbUL0jl1vvOVaq2eTm55JTby3CP9VmMMH14-e7JHedVT-GqA", 
        "is_staff": false, 
        "google": "SW Maestro", 
        "education_level": 3, 
        "user_permissions": [], 
        "course_term": 8, 
        "first_name": "\ub300\ud76c", 
        "zipcode": "135-565", 
        "is_superuser": true, 
        "last_login": "2013-11-22T01:23:04.694", 
        "home_number": "02-6933-0701", 
        "date_joined": "2013-11-21T23:13:26", 
        "type": 2, 
        "email": "", 
        "course_step": 10, 
        "username": "handaehee", 
        "address1": "\uc11c\uc6b8\ud2b9\ubcc4\uc2dc \uac15\ub0a8\uad6c \ud14c\ud5e4\ub780\ub85c", 
        "address2": "311 \uc544\ub0a8\ud0c0\uc6cc\ube4c\ub529", 
        "is_active": true, 
        "course_description": "", 
        "birthday": "2013-11-21", 
        "facebook": "SW Maestro", 
        "rr_number": "111111-1111111", 
        "groups": [], 
        "is_approval": true, 
        "password": "pbkdf2_sha256$12000$gBCK5gBRkn3B$AuZWZNcLfyKRwqzruHT6otGgTs+PvKk9v5mC16MZPII=", 
        "school": "SW Maestro", 
        "gender": "M", 
        "age": 100, 
        "military": 4, 
        "is_receive_staff_mail": true, 
        "is_receive_mail": true
    }
},
{
    "pk": 34, 
    "model": "member.somauser", 
    "fields": {
        "phone_number": "02-6933-0705", 
        "last_name": "\uae40", 
        "photo": "/static/img/logo.gif", 
        "twitter": "SW Maestro", 
        "course_status": 1, 
        "android_registration_id": "APA91bEAvVKaq9B6wQvFlU1pb5--Ax7nLMBCZGHEBo4IR9X4Ppiz4VeVAXLl6EBXqGuxRp8aBvR33aCnlqvVReSjemmlrsbmIqmtpXT1DIokDFRCBUIbUL0jl1vvOVaq2eTm55JTby3CP9VmMMH14-e7JHedVT-GqA", 
        "is_staff": false, 
        "google": "SW Maestro", 
        "education_level": 3, 
        "user_permissions": [], 
        "course_term": 4, 
        "first_name": "\ud55c\uc900", 
        "zipcode": "135-565", 
        "is_superuser": true, 
        "last_login": "2013-11-21T23:13:31", 
        "home_number": "02-6933-0701", 
        "date_joined": "2013-11-21T23:13:31", 
        "type": 1, 
        "email": "", 
        "course_step": 2, 
        "username": "kimhanjun", 
        "address1": "\uc11c\uc6b8\ud2b9\ubcc4\uc2dc \uac15\ub0a8\uad6c \ud14c\ud5e4\ub780\ub85c", 
        "address2": "311 \uc544\ub0a8\ud0c0\uc6cc\ube4c\ub529", 
        "is_active": true, 
        "course_description": "", 
        "birthday": "2013-11-21", 
        "facebook": "SW Maestro", 
        "rr_number": "111111-1111111", 
        "groups": [], 
        "is_approval": true, 
        "password": "pbkdf2_sha256$10000$BaRefZAC7eaG$D6kj6ZFOxr+tlDMkZu3q2zS1FTYSQJgUAQDrqRo8RQ0=", 
        "school": "SW Maestro", 
        "gender": "M", 
        "age": 100, 
        "military": 2, 
        "is_receive_staff_mail": true, 
        "is_receive_mail": true
    }
},
{
    "pk": 35, 
    "model": "member.somauser", 
    "fields": {
        "phone_number": "02-6933-0705", 
        "last_name": "\ubcc0", 
        "photo": "/static/img/logo.gif", 
        "twitter": "SW Maestro", 
        "course_status": 1, 
        "android_registration_id": "APA91bEgX69jM1PGS2Gnw37cspZTe6ki2CfU3TdJPB93fuPDPGH4d1-2vY5LMuvagy_kwUDNoxS7ccKMOlHpSHS0MQVGlx7Q3bkyjAb9vsrnlN5IJrdf03ydU1n-WeYVRgCMB-JGGDWuzhgFdYgzxH0sxoAKfoH-ew", 
        "is_staff": false, 
        "google": "SW Maestro", 
        "education_level": 3, 
        "user_permissions": [], 
        "course_term": 4, 
        "first_name": "\ub3d9\uc0bc", 
        "zipcode": "135-565", 
        "is_superuser": true, 
        "last_login": "2013-11-21T23:13:46", 
        "home_number": "02-6933-0701", 
        "date_joined": "2013-11-21T23:13:46", 
        "type": 1, 
        "email": "", 
        "course_step": 2, 
        "username": "byeondongsam", 
        "address1": "\uc11c\uc6b8\ud2b9\ubcc4\uc2dc \uac15\ub0a8\uad6c \ud14c\ud5e4\ub780\ub85c", 
        "address2": "311 \uc544\ub0a8\ud0c0\uc6cc\ube4c\ub529", 
        "is_active": true, 
        "course_description": "", 
        "birthday": "2013-11-21", 
        "facebook": "SW Maestro", 
        "rr_number": "111111-1111111", 
        "groups": [], 
        "is_approval": true, 
        "password": "pbkdf2_sha256$10000$WpbU7KwLdgLA$kMe/4WXis6IGYSgRaZfvIHiE8DwLUsRjWcBzCpHTUb4=", 
        "school": "SW Maestro", 
        "gender": "M", 
        "age": 100, 
        "military": 2, 
        "is_receive_staff_mail": true, 
        "is_receive_mail": true
    }
},
{
    "pk": 36, 
    "model": "member.somauser", 
    "fields": {
        "phone_number": "02-6933-0705", 
        "last_name": "\uc8fc", 
        "photo": "/static/img/logo.gif", 
        "twitter": "SW Maestro", 
        "course_status": 1, 
        "android_registration_id": "APA91bHoHVxAKu8aGTR7Jx-QhVdevmJM0u1T3sBWavSALgTg8lxn9f4HXu8ZjpLSNOZeUAppoZbjA2cyCzcq90ZcGIdg4zeIt_-YMpx9YIRmwr_L2e7NhnVm_b7JK1xSjyKHr5sfgECrY5ikGbRCEixCVJ5mlQd1yg", 
        "is_staff": false, 
        "google": "SW Maestro", 
        "education_level": 3, 
        "user_permissions": [], 
        "course_term": 4, 
        "first_name": "\uc9c0\uc5f0", 
        "zipcode": "135-565", 
        "is_superuser": true, 
        "last_login": "2013-11-21T23:14:10", 
        "home_number": "02-6933-0701", 
        "date_joined": "2013-11-21T23:14:10", 
        "type": 1, 
        "email": "", 
        "course_step": 2, 
        "username": "joojiyeon", 
        "address1": "\uc11c\uc6b8\ud2b9\ubcc4\uc2dc \uac15\ub0a8\uad6c \ud14c\ud5e4\ub780\ub85c", 
        "address2": "311 \uc544\ub0a8\ud0c0\uc6cc\ube4c\ub529", 
        "is_active": true, 
        "course_description": "", 
        "birthday": "2013-11-21", 
        "facebook": "SW Maestro", 
        "rr_number": "111111-1111111", 
        "groups": [], 
        "is_approval": true, 
        "password": "pbkdf2_sha256$10000$hWGlQ10OXtyd$D+ml4kTbzsiHyMV4smbcknBY921ctNsv2dy9enxmfPQ=", 
        "school": "SW Maestro", 
        "gender": "M", 
        "age": 100, 
        "military": 2, 
        "is_receive_staff_mail": true, 
        "is_receive_mail": true
    }
},
{
    "pk": 37, 
    "model": "member.somauser", 
    "fields": {
        "phone_number": "02-6933-0705", 
        "last_name": "\uc724", 
        "photo": "/static/img/logo.gif", 
        "twitter": "SW Maestro", 
        "course_status": 1, 
        "android_registration_id": "", 
        "is_staff": false, 
        "google": "SW Maestro", 
        "education_level": 3, 
        "user_permissions": [], 
        "course_term": 4, 
        "first_name": "\uc9c0\ud6c8", 
        "zipcode": "135-565", 
        "is_superuser": true, 
        "last_login": "2013-11-21T23:14:17", 
        "home_number": "02-6933-0701", 
        "date_joined": "2013-11-21T23:14:17", 
        "type": 1, 
        "email": "", 
        "course_step": 2, 
        "username": "yoonjihoon", 
        "address1": "\uc11c\uc6b8\ud2b9\ubcc4\uc2dc \uac15\ub0a8\uad6c \ud14c\ud5e4\ub780\ub85c", 
        "address2": "311 \uc544\ub0a8\ud0c0\uc6cc\ube4c\ub529", 
        "is_active": true, 
        "course_description": "", 
        "birthday": "2013-11-21", 
        "facebook": "SW Maestro", 
        "rr_number": "111111-1111111", 
        "groups": [], 
        "is_approval": true, 
        "password": "pbkdf2_sha256$10000$Om9k3oROu5eL$+WT2tiYlXEpWQECgelZY5N1gBouVKg+OlLXatmaWi7g=", 
        "school": "SW Maestro", 
        "gender": "M", 
        "age": 100, 
        "military": 2, 
        "is_receive_staff_mail": true, 
        "is_receive_mail": true
    }
},
{
    "pk": 38, 
    "model": "member.somauser", 
    "fields": {
        "phone_number": "02-6933-0705", 
        "last_name": "\ub3c4", 
        "photo": "/static/img/logo.gif", 
        "twitter": "SW Maestro", 
        "course_status": 1, 
        "android_registration_id": "", 
        "is_staff": false, 
        "google": "SW Maestro", 
        "education_level": 3, 
        "user_permissions": [], 
        "course_term": 4, 
        "first_name": "\uc815\uc6b0", 
        "zipcode": "135-565", 
        "is_superuser": true, 
        "last_login": "2013-11-21T23:14:38", 
        "home_number": "02-6933-0701", 
        "date_joined": "2013-11-21T23:14:38", 
        "type": 1, 
        "email": "", 
        "course_step": 2, 
        "username": "dojeongwoo", 
        "address1": "\uc11c\uc6b8\ud2b9\ubcc4\uc2dc \uac15\ub0a8\uad6c \ud14c\ud5e4\ub780\ub85c", 
        "address2": "311 \uc544\ub0a8\ud0c0\uc6cc\ube4c\ub529", 
        "is_active": true, 
        "course_description": "", 
        "birthday": "2013-11-21", 
        "facebook": "SW Maestro", 
        "rr_number": "111111-1111111", 
        "groups": [], 
        "is_approval": true, 
        "password": "pbkdf2_sha256$10000$iG3UXjVKgC6x$Zqu6MbX1WzF9TCSuwmrOThadztZs9hZzE0tbrh3//oE=", 
        "school": "SW Maestro", 
        "gender": "M", 
        "age": 100, 
        "military": 2, 
        "is_receive_staff_mail": true, 
        "is_receive_mail": true
    }
},
{
    "pk": 39, 
    "model": "member.somauser", 
    "fields": {
        "phone_number": "02-6933-0705", 
        "last_name": "\uc815", 
        "photo": "/static/img/logo.gif", 
        "twitter": "SW Maestro", 
        "course_status": 1, 
        "android_registration_id": "", 
        "is_staff": false, 
        "google": "SW Maestro", 
        "education_level": 3, 
        "user_permissions": [], 
        "course_term": 4, 
        "first_name": "\ub77d\uc900", 
        "zipcode": "135-565", 
        "is_superuser": true, 
        "last_login": "2013-11-21T23:14:46", 
        "home_number": "02-6933-0701", 
        "date_joined": "2013-11-21T23:14:46", 
        "type": 1, 
        "email": "", 
        "course_step": 2, 
        "username": "jeongrakjoon", 
        "address1": "\uc11c\uc6b8\ud2b9\ubcc4\uc2dc \uac15\ub0a8\uad6c \ud14c\ud5e4\ub780\ub85c", 
        "address2": "311 \uc544\ub0a8\ud0c0\uc6cc\ube4c\ub529", 
        "is_active": true, 
        "course_description": "", 
        "birthday": "2013-11-21", 
        "facebook": "SW Maestro", 
        "rr_number": "111111-1111111", 
        "groups": [], 
        "is_approval": true, 
        "password": "pbkdf2_sha256$10000$iPcoRg0yQOSe$GxeldmvPMJgrMc6hotSP2lpU6OT9T9KIX/HcOcOyl8k=", 
        "school": "SW Maestro", 
        "gender": "M", 
        "age": 100, 
        "military": 2, 
        "is_receive_staff_mail": true, 
        "is_receive_mail": true
    }
},
{
    "pk": 40, 
    "model": "member.somauser", 
    "fields": {
        "phone_number": "02-6933-0705", 
        "last_name": "\ud64d", 
        "photo": "/static/img/logo.gif", 
        "twitter": "SW Maestro", 
        "course_status": 1, 
        "android_registration_id": "", 
        "is_staff": false, 
        "google": "SW Maestro", 
        "education_level": 3, 
        "user_permissions": [], 
        "course_term": 4, 
        "first_name": "\uc11d\uc900", 
        "zipcode": "135-565", 
        "is_superuser": true, 
        "last_login": "2013-11-21T23:14:59", 
        "home_number": "02-6933-0701", 
        "date_joined": "2013-11-21T23:14:59", 
        "type": 1, 
        "email": "", 
        "course_step": 2, 
        "username": "hongseokjoon", 
        "address1": "\uc11c\uc6b8\ud2b9\ubcc4\uc2dc \uac15\ub0a8\uad6c \ud14c\ud5e4\ub780\ub85c", 
        "address2": "311 \uc544\ub0a8\ud0c0\uc6cc\ube4c\ub529", 
        "is_active": true, 
        "course_description": "", 
        "birthday": "2013-11-21", 
        "facebook": "SW Maestro", 
        "rr_number": "111111-1111111", 
        "groups": [], 
        "is_approval": true, 
        "password": "pbkdf2_sha256$10000$vi4hnSSNu4T9$q9szA0OaaNRZB6uPZ49ucj0iDVSjMqyF5bjKosrXiFU=", 
        "school": "SW Maestro", 
        "gender": "M", 
        "age": 100, 
        "military": 2, 
        "is_receive_staff_mail": true, 
        "is_receive_mail": true
    }
},
{
    "pk": 41, 
    "model": "member.somauser", 
    "fields": {
        "phone_number": "02-6933-0705", 
        "last_name": "\uae40", 
        "photo": "/static/img/logo.gif", 
        "twitter": "SW Maestro", 
        "course_status": 1, 
        "android_registration_id": "", 
        "is_staff": false, 
        "google": "SW Maestro", 
        "education_level": 3, 
        "user_permissions": [], 
        "course_term": 4, 
        "first_name": "\uacbd\ub3d9", 
        "zipcode": "135-565", 
        "is_superuser": true, 
        "last_login": "2013-11-21T23:15:14", 
        "home_number": "02-6933-0701", 
        "date_joined": "2013-11-21T23:15:14", 
        "type": 1, 
        "email": "", 
        "course_step": 2, 
        "username": "kimkyeongdong", 
        "address1": "\uc11c\uc6b8\ud2b9\ubcc4\uc2dc \uac15\ub0a8\uad6c \ud14c\ud5e4\ub780\ub85c", 
        "address2": "311 \uc544\ub0a8\ud0c0\uc6cc\ube4c\ub529", 
        "is_active": true, 
        "course_description": "", 
        "birthday": "2013-11-21", 
        "facebook": "SW Maestro", 
        "rr_number": "111111-1111111", 
        "groups": [], 
        "is_approval": true, 
        "password": "pbkdf2_sha256$10000$5NS4xj6SEjKX$KrhSTAzJx/+TTlQKLMEVnKTpPmV1NI0/5htI2CFS0nQ=", 
        "school": "SW Maestro", 
        "gender": "M", 
        "age": 100, 
        "military": 2, 
        "is_receive_staff_mail": true, 
        "is_receive_mail": true
    }
},
{
    "pk": 42, 
    "model": "member.somauser", 
    "fields": {
        "phone_number": "02-6933-0705", 
        "last_name": "\uc784", 
        "photo": "/static/img/logo.gif", 
        "twitter": "SW Maestro", 
        "course_status": 1, 
        "android_registration_id": "", 
        "is_staff": false, 
        "google": "SW Maestro", 
        "education_level": 3, 
        "user_permissions": [], 
        "course_term": 4, 
        "first_name": "\ucc3d\ubbfc", 
        "zipcode": "135-565", 
        "is_superuser": true, 
        "last_login": "2013-11-21T23:15:23", 
        "home_number": "02-6933-0701", 
        "date_joined": "2013-11-21T23:15:23", 
        "type": 1, 
        "email": "", 
        "course_step": 2, 
        "username": "limchangmin", 
        "address1": "\uc11c\uc6b8\ud2b9\ubcc4\uc2dc \uac15\ub0a8\uad6c \ud14c\ud5e4\ub780\ub85c", 
        "address2": "311 \uc544\ub0a8\ud0c0\uc6cc\ube4c\ub529", 
        "is_active": true, 
        "course_description": "", 
        "birthday": "2013-11-21", 
        "facebook": "SW Maestro", 
        "rr_number": "111111-1111111", 
        "groups": [], 
        "is_approval": true, 
        "password": "pbkdf2_sha256$10000$MrD803dqJxJq$bH9d9bzsetEoT5ouVJIni7gdjj4uvNSCiQvhiULU2lU=", 
        "school": "SW Maestro", 
        "gender": "M", 
        "age": 100, 
        "military": 2, 
        "is_receive_staff_mail": true, 
        "is_receive_mail": true
    }
},
{
    "pk": 43, 
    "model": "member.somauser", 
    "fields": {
        "phone_number": "02-6933-0705", 
        "last_name": "\ubc15", 
        "photo": "/static/img/logo.gif", 
        "twitter": "SW Maestro", 
        "course_status": 1, 
        "android_registration_id": "", 
        "is_staff": false, 
        "google": "SW Maestro", 
        "education_level": 3, 
        "user_permissions": [], 
        "course_term": 4, 
        "first_name": "\uc9c4\uc11d", 
        "zipcode": "135-565", 
        "is_superuser": true, 
        "last_login": "2013-11-21T23:15:32", 
        "home_number": "02-6933-0701", 
        "date_joined": "2013-11-21T23:15:32", 
        "type": 1, 
        "email": "", 
        "course_step": 2, 
        "username": "parkjinseok", 
        "address1": "\uc11c\uc6b8\ud2b9\ubcc4\uc2dc \uac15\ub0a8\uad6c \ud14c\ud5e4\ub780\ub85c", 
        "address2": "311 \uc544\ub0a8\ud0c0\uc6cc\ube4c\ub529", 
        "is_active": true, 
        "course_description": "", 
        "birthday": "2013-11-21", 
        "facebook": "SW Maestro", 
        "rr_number": "111111-1111111", 
        "groups": [], 
        "is_approval": true, 
        "password": "pbkdf2_sha256$10000$LTC7iaRmaCN6$CneGnvxYodyFU17tcy6gN0UXtqJO943K0eo1SiwZjmw=", 
        "school": "SW Maestro", 
        "gender": "M", 
        "age": 100, 
        "military": 2, 
        "is_receive_staff_mail": true, 
        "is_receive_mail": true
    }
},
{
    "pk": 44, 
    "model": "member.somauser", 
    "fields": {
        "phone_number": "02-6933-0705", 
        "last_name": "\uc5c4", 
        "photo": "/static/img/logo.gif", 
        "twitter": "SW Maestro", 
        "course_status": 1, 
        "android_registration_id": "", 
        "is_staff": false, 
        "google": "SW Maestro", 
        "education_level": 3, 
        "user_permissions": [], 
        "course_term": 4, 
        "first_name": "\uc900\uc131", 
        "zipcode": "135-565", 
        "is_superuser": true, 
        "last_login": "2013-11-21T23:15:40", 
        "home_number": "02-6933-0701", 
        "date_joined": "2013-11-21T23:15:40", 
        "type": 1, 
        "email": "", 
        "course_step": 2, 
        "username": "umjoonseong", 
        "address1": "\uc11c\uc6b8\ud2b9\ubcc4\uc2dc \uac15\ub0a8\uad6c \ud14c\ud5e4\ub780\ub85c", 
        "address2": "311 \uc544\ub0a8\ud0c0\uc6cc\ube4c\ub529", 
        "is_active": true, 
        "course_description": "", 
        "birthday": "2013-11-21", 
        "facebook": "SW Maestro", 
        "rr_number": "111111-1111111", 
        "groups": [], 
        "is_approval": true, 
        "password": "pbkdf2_sha256$10000$7xg7Q6bm3bBC$0FyUvL6F/BMJMSLTFNwts3WvHA032d7ye4R4FbcyXr4=", 
        "school": "SW Maestro", 
        "gender": "M", 
        "age": 27, 
        "military": 2, 
        "is_receive_staff_mail": true, 
        "is_receive_mail": true
    }
},
{
    "pk": 45, 
    "model": "member.somauser", 
    "fields": {
        "phone_number": "02-6933-0705", 
        "last_name": "\uc774", 
        "photo": "/static/img/logo.gif", 
        "twitter": "SW Maestro", 
        "course_status": 5, 
        "android_registration_id": "", 
        "is_staff": true, 
        "google": "SW Maestro", 
        "education_level": 4, 
        "user_permissions": [], 
        "course_term": 8, 
        "first_name": "\uc758\uc815", 
        "zipcode": "135-565", 
        "is_superuser": true, 
        "last_login": "2013-11-21T23:36:12", 
        "home_number": "02-6933-0701", 
        "date_joined": "2013-11-21T23:36:12", 
        "type": 2, 
        "email": "", 
        "course_step": 10, 
        "username": "leeuijeong", 
        "address1": "\uc11c\uc6b8\ud2b9\ubcc4\uc2dc \uac15\ub0a8\uad6c \ud14c\ud5e4\ub780\ub85c", 
        "address2": "311 \uc544\ub0a8\ud0c0\uc6cc\ube4c\ub529", 
        "is_active": true, 
        "course_description": "", 
        "birthday": "2013-11-21", 
        "facebook": "SW Maestro", 
        "rr_number": "111111-1111111", 
        "groups": [], 
        "is_approval": true, 
        "password": "pbkdf2_sha256$10000$922nBp96lXZf$Hr1VSi1PpHV+mY5vCUGuhUUK0HGQX4TdagsAIVZjq/Y=", 
        "school": "SW Maestro", 
        "gender": "M", 
        "age": 100, 
        "military": 4, 
        "is_receive_staff_mail": true, 
        "is_receive_mail": true
    }
},
{
    "pk": 46, 
    "model": "member.somauser", 
    "fields": {
        "phone_number": "02-6933-0705", 
        "last_name": "\ub0a8", 
        "photo": "/static/img/logo.gif", 
        "twitter": "SW Maestro", 
        "course_status": 5, 
        "android_registration_id": "", 
        "is_staff": true, 
        "google": "SW Maestro", 
        "education_level": 4, 
        "user_permissions": [], 
        "course_term": 8, 
        "first_name": "\uc0c1\ud611", 
        "zipcode": "135-565", 
        "is_superuser": true, 
        "last_login": "2013-11-21T23:36:24", 
        "home_number": "02-6933-0701", 
        "date_joined": "2013-11-21T23:36:24", 
        "type": 2, 
        "email": "", 
        "course_step": 10, 
        "username": "namsanghyeop", 
        "address1": "\uc11c\uc6b8\ud2b9\ubcc4\uc2dc \uac15\ub0a8\uad6c \ud14c\ud5e4\ub780\ub85c", 
        "address2": "311 \uc544\ub0a8\ud0c0\uc6cc\ube4c\ub529", 
        "is_active": true, 
        "course_description": "", 
        "birthday": "2013-11-21", 
        "facebook": "SW Maestro", 
        "rr_number": "111111-1111111", 
        "groups": [], 
        "is_approval": true, 
        "password": "pbkdf2_sha256$10000$MVS6cyKGj631$MeJynHKRIk47y6NzsLJMEJ2HsEdibV1gmary7t5uLR0=", 
        "school": "SW Maestro", 
        "gender": "M", 
        "age": 100, 
        "military": 4, 
        "is_receive_staff_mail": true, 
        "is_receive_mail": true
    }
},
{
    "pk": 47, 
    "model": "member.somauser", 
    "fields": {
        "phone_number": "02-6933-0705", 
        "last_name": "\uae40", 
        "photo": "/static/img/logo.gif", 
        "twitter": "SW Maestro", 
        "course_status": 5, 
        "android_registration_id": "APA91bHoHVxAKu8aGTR7Jx-QhVdevmJM0u1T3sBWavSALgTg8lxn9f4HXu8ZjpLSNOZeUAppoZbjA2cyCzcq90ZcGIdg4zeIt_-YMpx9YIRmwr_L2e7NhnVm_b7JK1xSjyKHr5sfgECrY5ikGbRCEixCVJ5mlQd1yg", 
        "is_staff": true, 
        "google": "SW Maestro", 
        "education_level": 4, 
        "user_permissions": [], 
        "course_term": 8, 
        "first_name": "\ub3d9\ud604B", 
        "zipcode": "135-565", 
        "is_superuser": true, 
        "last_login": "2013-11-22T02:42:14.786", 
        "home_number": "02-6933-0701", 
        "date_joined": "2013-11-21T23:36:34", 
        "type": 2, 
        "email": "", 
        "course_step": 10, 
        "username": "kimdonghyeonB", 
        "address1": "\uc11c\uc6b8\ud2b9\ubcc4\uc2dc \uac15\ub0a8\uad6c \ud14c\ud5e4\ub780\ub85c", 
        "address2": "311 \uc544\ub0a8\ud0c0\uc6cc\ube4c\ub529", 
        "is_active": true, 
        "course_description": "", 
        "birthday": "2013-11-21", 
        "facebook": "SW Maestro", 
        "rr_number": "111111-1111111", 
        "groups": [], 
        "is_approval": true, 
        "password": "pbkdf2_sha256$12000$dVmT55GtbFef$561MTuyPY/MLapgPYDg4/nzJ/zwuFtYIrvOGspy0p3Y=", 
        "school": "SW Maestro", 
        "gender": "M", 
        "age": 100, 
        "military": 4, 
        "is_receive_staff_mail": true, 
        "is_receive_mail": true
    }
},
{
    "pk": 48, 
    "model": "member.somauser", 
    "fields": {
        "phone_number": "02-6933-0705", 
        "last_name": "\uc624", 
        "photo": "/static/img/logo.gif", 
        "twitter": "SW Maestro", 
        "course_status": 5, 
        "android_registration_id": "", 
        "is_staff": true, 
        "google": "SW Maestro", 
        "education_level": 4, 
        "user_permissions": [], 
        "course_term": 8, 
        "first_name": "\uc6b0\ud0dd", 
        "zipcode": "135-565", 
        "is_superuser": true, 
        "last_login": "2013-11-21T23:36:43", 
        "home_number": "02-6933-0701", 
        "date_joined": "2013-11-21T23:36:43", 
        "type": 2, 
        "email": "", 
        "course_step": 10, 
        "username": "ohwootaek", 
        "address1": "\uc11c\uc6b8\ud2b9\ubcc4\uc2dc \uac15\ub0a8\uad6c \ud14c\ud5e4\ub780\ub85c", 
        "address2": "311 \uc544\ub0a8\ud0c0\uc6cc\ube4c\ub529", 
        "is_active": true, 
        "course_description": "", 
        "birthday": "2013-11-21", 
        "facebook": "SW Maestro", 
        "rr_number": "111111-1111111", 
        "groups": [], 
        "is_approval": true, 
        "password": "pbkdf2_sha256$10000$FMUvlMR435bF$+T/dF7RJpYbxLkuKrv4uZ95RQYa0gwtEWiJ9qMjIrb0=", 
        "school": "SW Maestro", 
        "gender": "M", 
        "age": 100, 
        "military": 4, 
        "is_receive_staff_mail": true, 
        "is_receive_mail": true
    }
},
{
    "pk": 49, 
    "model": "member.somauser", 
    "fields": {
        "phone_number": "02-6933-0705", 
        "last_name": "\uae40", 
        "photo": "/static/img/logo.gif", 
        "twitter": "SW Maestro", 
        "course_status": 5, 
        "android_registration_id": "", 
        "is_staff": true, 
        "google": "SW Maestro", 
        "education_level": 4, 
        "user_permissions": [], 
        "course_term": 8, 
        "first_name": "\ucc3d\uc900", 
        "zipcode": "135-565", 
        "is_superuser": true, 
        "last_login": "2013-11-21T23:36:49", 
        "home_number": "02-6933-0701", 
        "date_joined": "2013-11-21T23:36:49", 
        "type": 2, 
        "email": "", 
        "course_step": 10, 
        "username": "kimchangjoon", 
        "address1": "\uc11c\uc6b8\ud2b9\ubcc4\uc2dc \uac15\ub0a8\uad6c \ud14c\ud5e4\ub780\ub85c", 
        "address2": "311 \uc544\ub0a8\ud0c0\uc6cc\ube4c\ub529", 
        "is_active": true, 
        "course_description": "", 
        "birthday": "2013-11-21", 
        "facebook": "SW Maestro", 
        "rr_number": "111111-1111111", 
        "groups": [], 
        "is_approval": true, 
        "password": "pbkdf2_sha256$10000$ySTv6MWKZ9W1$eQbcwRaqGfOaB/7MKgyt89o1wEL2iCcExRfoi/Y9AL0=", 
        "school": "SW Maestro", 
        "gender": "M", 
        "age": 100, 
        "military": 4, 
        "is_receive_staff_mail": true, 
        "is_receive_mail": true
    }
},
{
    "pk": 50, 
    "model": "member.somauser", 
    "fields": {
        "phone_number": "02-6933-0705", 
        "last_name": "\uae40", 
        "photo": "/static/img/logo.gif", 
        "twitter": "SW Maestro", 
        "course_status": 5, 
        "android_registration_id": "", 
        "is_staff": true, 
        "google": "SW Maestro", 
        "education_level": 4, 
        "user_permissions": [], 
        "course_term": 8, 
        "first_name": "\ud0dc\uc644", 
        "zipcode": "135-565", 
        "is_superuser": true, 
        "last_login": "2013-11-21T23:37:05", 
        "home_number": "02-6933-0701", 
        "date_joined": "2013-11-21T23:37:05", 
        "type": 2, 
        "email": "", 
        "course_step": 10, 
        "username": "kimtaewan", 
        "address1": "\uc11c\uc6b8\ud2b9\ubcc4\uc2dc \uac15\ub0a8\uad6c \ud14c\ud5e4\ub780\ub85c", 
        "address2": "311 \uc544\ub0a8\ud0c0\uc6cc\ube4c\ub529", 
        "is_active": true, 
        "course_description": "", 
        "birthday": "2013-11-21", 
        "facebook": "SW Maestro", 
        "rr_number": "111111-1111111", 
        "groups": [], 
        "is_approval": true, 
        "password": "pbkdf2_sha256$10000$khAgpUPb2WdV$LgeiYE1ouGf68S5l7EcKfkyaxP38Shr38pe/qJBcpFc=", 
        "school": "SW Maestro", 
        "gender": "M", 
        "age": 100, 
        "military": 4, 
        "is_receive_staff_mail": true, 
        "is_receive_mail": true
    }
},
{
    "pk": 51, 
    "model": "member.somauser", 
    "fields": {
        "phone_number": "02-6933-0705", 
        "last_name": "\ud64d", 
        "photo": "/static/img/logo.gif", 
        "twitter": "SW Maestro", 
        "course_status": 5, 
        "android_registration_id": "", 
        "is_staff": true, 
        "google": "SW Maestro", 
        "education_level": 4, 
        "user_permissions": [], 
        "course_term": 8, 
        "first_name": "\ubbfc\ud76c", 
        "zipcode": "135-565", 
        "is_superuser": true, 
        "last_login": "2013-11-21T23:37:13", 
        "home_number": "02-6933-0701", 
        "date_joined": "2013-11-21T23:37:13", 
        "type": 2, 
        "email": "", 
        "course_step": 10, 
        "username": "hongminhee", 
        "address1": "\uc11c\uc6b8\ud2b9\ubcc4\uc2dc \uac15\ub0a8\uad6c \ud14c\ud5e4\ub780\ub85c", 
        "address2": "311 \uc544\ub0a8\ud0c0\uc6cc\ube4c\ub529", 
        "is_active": true, 
        "course_description": "", 
        "birthday": "2013-11-21", 
        "facebook": "SW Maestro", 
        "rr_number": "111111-1111111", 
        "groups": [], 
        "is_approval": true, 
        "password": "pbkdf2_sha256$10000$7TABDuykEztT$K6SUUqILi3Y1T0yoRetT3U3CY0mhgfshWAkh3/tj6S4=", 
        "school": "SW Maestro", 
        "gender": "M", 
        "age": 100, 
        "military": 4, 
        "is_receive_staff_mail": true, 
        "is_receive_mail": true
    }
},
{
    "pk": 52, 
    "model": "member.somauser", 
    "fields": {
        "phone_number": "02-6933-0705", 
        "last_name": "\ubb38", 
        "photo": "/static/img/logo.gif", 
        "twitter": "SW Maestro", 
        "course_status": 5, 
        "android_registration_id": "", 
        "is_staff": true, 
        "google": "SW Maestro", 
        "education_level": 6, 
        "user_permissions": [], 
        "course_term": 8, 
        "first_name": "\uc77c\ub8e1", 
        "zipcode": "135-565", 
        "is_superuser": true, 
        "last_login": "2013-11-21T23:37:32", 
        "home_number": "02-6933-0701", 
        "date_joined": "2013-11-21T23:37:32", 
        "type": 2, 
        "email": "", 
        "course_step": 10, 
        "username": "moonilryong", 
        "address1": "\uc11c\uc6b8\ud2b9\ubcc4\uc2dc \uac15\ub0a8\uad6c \ud14c\ud5e4\ub780\ub85c", 
        "address2": "311 \uc544\ub0a8\ud0c0\uc6cc\ube4c\ub529", 
        "is_active": true, 
        "course_description": "", 
        "birthday": "2013-11-21", 
        "facebook": "SW Maestro", 
        "rr_number": "111111-1111111", 
        "groups": [], 
        "is_approval": true, 
        "password": "pbkdf2_sha256$10000$fZVuE7slNtsy$TIsTykK1BKDVBPe6Hpu/op7Z8g0RMxyUUbotTY0se4w=", 
        "school": "SW Maestro", 
        "gender": "M", 
        "age": 100, 
        "military": 4, 
        "is_receive_staff_mail": true, 
        "is_receive_mail": true
    }
},
{
    "pk": 53, 
    "model": "member.somauser", 
    "fields": {
        "phone_number": "02-6933-0705", 
        "last_name": "\uc1a1", 
        "photo": "/static/img/logo.gif", 
        "twitter": "SW Maestro", 
        "course_status": 5, 
        "android_registration_id": "", 
        "is_staff": true, 
        "google": "SW Maestro", 
        "education_level": 4, 
        "user_permissions": [], 
        "course_term": 8, 
        "first_name": "\uce58\ud615", 
        "zipcode": "135-565", 
        "is_superuser": true, 
        "last_login": "2013-11-21T23:37:51", 
        "home_number": "02-6933-0701", 
        "date_joined": "2013-11-21T23:37:51", 
        "type": 2, 
        "email": "", 
        "course_step": 10, 
        "username": "songchihyeong", 
        "address1": "\uc11c\uc6b8\ud2b9\ubcc4\uc2dc \uac15\ub0a8\uad6c \ud14c\ud5e4\ub780\ub85c", 
        "address2": "311 \uc544\ub0a8\ud0c0\uc6cc\ube4c\ub529", 
        "is_active": true, 
        "course_description": "", 
        "birthday": "2013-11-21", 
        "facebook": "SW Maestro", 
        "rr_number": "111111-1111111", 
        "groups": [], 
        "is_approval": true, 
        "password": "pbkdf2_sha256$10000$7Kmsh0D6uH9t$d2fDiJz6z6Yu2qTvchRDKk5POSwuehk8tr+BfMyh1t0=", 
        "school": "SW Maestro", 
        "gender": "M", 
        "age": 100, 
        "military": 4, 
        "is_receive_staff_mail": true, 
        "is_receive_mail": true
    }
},
{
    "pk": 54, 
    "model": "member.somauser", 
    "fields": {
        "phone_number": "02-6933-0705", 
        "last_name": "\ud669", 
        "photo": "/static/img/logo.gif", 
        "twitter": "SW Maestro", 
        "course_status": 5, 
        "android_registration_id": "", 
        "is_staff": true, 
        "google": "SW Maestro", 
        "education_level": 4, 
        "user_permissions": [], 
        "course_term": 8, 
        "first_name": "\ubcd1\uc120", 
        "zipcode": "135-565", 
        "is_superuser": true, 
        "last_login": "2013-11-21T23:38:04", 
        "home_number": "02-6933-0701", 
        "date_joined": "2013-11-21T23:38:04", 
        "type": 2, 
        "email": "", 
        "course_step": 10, 
        "username": "hwangbyeongseon", 
        "address1": "\uc11c\uc6b8\ud2b9\ubcc4\uc2dc \uac15\ub0a8\uad6c \ud14c\ud5e4\ub780\ub85c", 
        "address2": "311 \uc544\ub0a8\ud0c0\uc6cc\ube4c\ub529", 
        "is_active": true, 
        "course_description": "", 
        "birthday": "2013-11-21", 
        "facebook": "SW Maestro", 
        "rr_number": "111111-1111111", 
        "groups": [], 
        "is_approval": true, 
        "password": "pbkdf2_sha256$10000$70FgM58FcDGA$pHoxMRrOUwZbXOHMz2EkFISM1CFDrSmGbzTU68bfJDY=", 
        "school": "SW Maestro", 
        "gender": "M", 
        "age": 100, 
        "military": 4, 
        "is_receive_staff_mail": true, 
        "is_receive_mail": true
    }
},
{
    "pk": 55, 
    "model": "member.somauser", 
    "fields": {
        "phone_number": "02-6933-0705", 
        "last_name": "\uae40", 
        "photo": "/static/img/logo.gif", 
        "twitter": "SW Maestro", 
        "course_status": 5, 
        "android_registration_id": "", 
        "is_staff": true, 
        "google": "SW Maestro", 
        "education_level": 4, 
        "user_permissions": [], 
        "course_term": 8, 
        "first_name": "\ub0a8\ud615", 
        "zipcode": "135-565", 
        "is_superuser": true, 
        "last_login": "2013-11-21T23:38:11", 
        "home_number": "02-6933-0701", 
        "date_joined": "2013-11-21T23:38:11", 
        "type": 2, 
        "email": "", 
        "course_step": 10, 
        "username": "kimnamhyeong", 
        "address1": "\uc11c\uc6b8\ud2b9\ubcc4\uc2dc \uac15\ub0a8\uad6c \ud14c\ud5e4\ub780\ub85c", 
        "address2": "311 \uc544\ub0a8\ud0c0\uc6cc\ube4c\ub529", 
        "is_active": true, 
        "course_description": "", 
        "birthday": "2013-11-21", 
        "facebook": "SW Maestro", 
        "rr_number": "111111-1111111", 
        "groups": [], 
        "is_approval": true, 
        "password": "pbkdf2_sha256$10000$Sb4VhJdHafeT$+b0DnxOO+zlEsbeRyeCCiJ39PrIArqTYVckmRiEdF7c=", 
        "school": "SW Maestro", 
        "gender": "M", 
        "age": 100, 
        "military": 4, 
        "is_receive_staff_mail": true, 
        "is_receive_mail": true
    }
},
{
    "pk": 1, 
    "model": "project.projecttype", 
    "fields": {
        "content": "\uac1c\ubc1c\uae30\ud68d Description", 
        "title": "\uac1c\ubc1c\uae30\ud68d"
    }
},
{
    "pk": 2, 
    "model": "project.projecttype", 
    "fields": {
        "content": "Web Description", 
        "title": "Web"
    }
},
{
    "pk": 3, 
    "model": "project.projecttype", 
    "fields": {
        "content": "SE/SI Description", 
        "title": "SE/SI"
    }
},
{
    "pk": 4, 
    "model": "project.projecttype", 
    "fields": {
        "content": "Architecture Description", 
        "title": "Architecture"
    }
},
{
    "pk": 5, 
    "model": "project.projecttype", 
    "fields": {
        "content": "Mobile Description", 
        "title": "Mobile"
    }
},
{
    "pk": 6, 
    "model": "project.projecttype", 
    "fields": {
        "content": "Embedded Description", 
        "title": "Embedded"
    }
},
{
    "pk": 7, 
    "model": "project.projecttype", 
    "fields": {
        "content": "OS Description", 
        "title": "OS"
    }
},
{
    "pk": 8, 
    "model": "project.projecttype", 
    "fields": {
        "content": "\ubcf4\uc548 Description", 
        "title": "\ubcf4\uc548"
    }
},
{
    "pk": 9, 
    "model": "project.projecttype", 
    "fields": {
        "content": "DB Description", 
        "title": "DB"
    }
},
{
    "pk": 10, 
    "model": "project.projecttype", 
    "fields": {
        "content": "Game Description", 
        "title": "Game"
    }
},
{
    "pk": 11, 
    "model": "project.projecttype", 
    "fields": {
        "content": "SW \ud488\uc9c8\uad00\ub9ac Description", 
        "title": "SW \ud488\uc9c8\uad00\ub9ac"
    }
},
{
    "pk": 12, 
    "model": "project.projecttype", 
    "fields": {
        "content": "UX/UI Description", 
        "title": "UX/UI"
    }
},
{
    "pk": 5, 
    "model": "project.project", 
    "fields": {
        "mentees": [
            3, 
            18
        ], 
        "title": "\ubaa8\ubc14\uc77c \uac8c\uc784\uc6a9 IAP \ubd84\uc11d BI \uc194\ub8e8\uc158", 
        "mentor": 45, 
        "is_finished": false, 
        "course_step": 2, 
        "type": 10, 
        "course_term": 4
    }
},
{
    "pk": 6, 
    "model": "project.project", 
    "fields": {
        "mentees": [
            16, 
            21
        ], 
        "title": "Hybrid Cloud Storage Service Platform STEP2", 
        "mentor": 47, 
        "is_finished": false, 
        "course_step": 2, 
        "type": 1, 
        "course_term": 4
    }
},
{
    "pk": 7, 
    "model": "project.project", 
    "fields": {
        "mentees": [
            25, 
            26, 
            27
        ], 
        "title": "BookTale", 
        "mentor": 48, 
        "is_finished": false, 
        "course_step": 2, 
        "type": 3, 
        "course_term": 4
    }
},
{
    "pk": 8, 
    "model": "project.project", 
    "fields": {
        "mentees": [
            30, 
            31, 
            32
        ], 
        "title": "Podium", 
        "mentor": 50, 
        "is_finished": false, 
        "course_step": 2, 
        "type": 2, 
        "course_term": 4
    }
},
{
    "pk": 9, 
    "model": "project.project", 
    "fields": {
        "mentees": [
            6, 
            15, 
            37
        ], 
        "title": "EarthReader: \uc624\ud508\uc18c\uc2a4 \ubd84\uc0b0\ud615 RSS\ub9ac\ub354", 
        "mentor": 51, 
        "is_finished": false, 
        "course_step": 2, 
        "type": 2, 
        "course_term": 4
    }
},
{
    "pk": 10, 
    "model": "project.project", 
    "fields": {
        "mentees": [
            38, 
            39, 
            40
        ], 
        "title": "WellFirSpuare", 
        "mentor": 52, 
        "is_finished": false, 
        "course_step": 2, 
        "type": 5, 
        "course_term": 4
    }
},
{
    "pk": 11, 
    "model": "project.project", 
    "fields": {
        "mentees": [
            4, 
            41, 
            42
        ], 
        "title": "Catch Player(\uce90\ud53c\ud50c\ub808\uc774\uc5b4)", 
        "mentor": 54, 
        "is_finished": false, 
        "course_step": 2, 
        "type": 5, 
        "course_term": 4
    }
},
{
    "pk": 12, 
    "model": "project.project", 
    "fields": {
        "mentees": [
            11, 
            43, 
            44
        ], 
        "title": "Linux\uad6c\uc870\uc5d0 \uae30\ubc18\ud55c Redis\ud504\ub85c\uadf8\ub7a8 \uc131\ub2a5 \uac1c\uc120 \ubc0f \uc2e4\ubb34 \uc801\uc6a9", 
        "mentor": 55, 
        "is_finished": false, 
        "course_step": 2, 
        "type": 7, 
        "course_term": 4
    }
},
{
    "pk": 13, 
    "model": "project.project", 
    "fields": {
        "mentees": [
            2, 
            12, 
            13
        ], 
        "title": "\uc18c\ub9c8\uc778\uc758 \uacf5\uac04", 
        "mentor": 8, 
        "is_finished": false, 
        "course_step": 2, 
        "type": 2, 
        "course_term": 4
    }
},
{
    "pk": 14, 
    "model": "project.project", 
    "fields": {
        "mentees": [
            34, 
            35, 
            36
        ], 
        "title": "\uc624\ud53c\ub2c8\uc5b8 \ub9c8\uc774\ub2dd\uc5d0 \uae30\ubc18\ud55c \uc8fc\uc2dd \uc790\ub3d9\ub9e4\ub9e4 \uc2dc\uc2a4\ud15c", 
        "mentor": 33, 
        "is_finished": false, 
        "course_step": 2, 
        "type": 2, 
        "course_term": 4
    }
},
{
    "pk": 15, 
    "model": "project.project", 
    "fields": {
        "mentees": [
            17, 
            28, 
            29
        ], 
        "title": "Lean Startup", 
        "mentor": 49, 
        "is_finished": false, 
        "course_step": 2, 
        "type": 3, 
        "course_term": 4
    }
},
{
    "pk": 1, 
    "model": "structure.defaultmentee", 
    "fields": {
        "course_step": 10, 
        "type": 1, 
        "course_status": 5, 
        "course_term": 4
    }
},
{
    "pk": 1, 
    "model": "structure.noticecategory", 
    "fields": {
        "priority": 1, 
        "title": "\uc77c\ubc18"
    }
},
{
    "pk": 2, 
    "model": "structure.noticecategory", 
    "fields": {
        "priority": 2, 
        "title": "\uc5f0\uc218\uc0dd"
    }
},
{
    "pk": 3, 
    "model": "structure.noticecategory", 
    "fields": {
        "priority": 3, 
        "title": "\uba58\ud1a0"
    }
},
{
    "pk": 8, 
    "model": "structure.notice", 
    "fields": {
        "category": 1, 
        "content": "\uc81c3\uae30 'SW Maestro \uacfc\uc815' \uc5f0\uc218\uc0dd \ubaa8\uc9d1\uc744 \uc704\ud55c \uc124\uba85\ud68c\ub97c \ub2e4\uc74c\uacfc \uac19\uc774 \uac1c\ucd5c\ud569\ub2c8\ub2e4.\r\n\r\n'SW Maestro \uacfc\uc815'\uc5d0 \uc9c0\uc6d0\ud558\uace0\uc790 \ud558\ub294 \ud559\uc0dd\ubd84\ub4e4\uaed8\uc11c\ub294 \uacfc\uc815\uc124\uba85\ud68c\uc5d0 \uaf2d \ucc38\uc11d\ud558\uc2dc\uc5b4,\r\n\r\n\uacfc\uc815 \uc548\ub0b4 \ubc0f \uc11c\ub958/\uba74\uc811 \ud3c9\uac00 \uc2dc \uc8fc\uc758\uc0ac\ud56d \ub4f1\uc758 \uc815\ubcf4\ub97c \uc5bb\uc5b4 \uac00\uc2dc\uae30 \ubc14\ub78d\ub2c8\ub2e4.\r\n\r\n \r\n\r\n[2\ud68c\ucc28]\r\n\r\n1. \uc77c\uc2dc : 2012\ub144 5\uc6d4 2\uc77c(\uc218) 15:00~\r\n\r\n2. \uc7a5\uc18c : \ucda9\ub0a8\ub300\ud559\uad50 \uacf5\uacfc\ub300\ud559 5\ud638\uad00 410\ud638 (\ub300\uc804 \uc18c\uc7ac)\r\n\r\n \r\n\r\n[3\ud68c\ucc28]\r\n\r\n1. \uc77c\uc2dc : 2012\ub144 5\uc6d4 3\uc77c(\ubaa9) 14:00~\r\n\r\n2. \uc7a5\uc18c : \uc804\ub0a8\ub300\ud559\uad50 \uacf5\uacfc\ub300\ud559 6\ud638\uad00 105\ud638 (\uc804\ub0a8 \uad11\uc8fc \uc18c\uc7ac)\r\n\r\n \r\n\r\n[4\ud68c\ucc28]\r\n\r\n1. \uc77c\uc2dc : 2012\ub144 5\uc6d4 10\uc77c(\ubaa9) 14:00~\r\n\r\n2. \uc7a5\uc18c : SW Maestro \uacfc\uc815 \uc5f0\uc218\uc13c\ud130 (\uc11c\uc6b8 \uc5ed\uc0bc\ub3d9 \uc18c\uc7ac)\r\n\r\n \r\n\r\n[5\ud68c\ucc28]\r\n\r\n1. \uc77c\uc2dc : 2012\ub144 5\uc6d4 11\uc77c(\uae08) 14:00~\r\n\r\n2. \uc7a5\uc18c : \ubd80\uc0b0\ub300\ud559\uad50 \ucef4\ud4e8\ud130\uacf5\ud559\uad00 6208\ud638 (\ubd80\uc0b0 \uc18c\uc7ac)\r\n\r\n \r\n\r\n\uacfc\uc815\uc124\uba85\ud68c \uc8fc\uc694\ub0b4\uc6a9\uc740 \ub2e4\uc74c\uacfc \uac19\uc2b5\ub2c8\ub2e4.\r\n\r\n \r\n\r\n1. 'SW Maestro \uacfc\uc815' \uc548\ub0b4 \ubc0f \uc9c0\uc6d0 \uc808\ucc28/\ubc29\ubc95\r\n\r\n2. 'SW Maestro \uacfc\uc815' \uccb4\ud5d8\ub2f4 (\uba58\ud1a0, \uc5f0\uc218\uc0dd)\r\n\r\n  - \uba58\ud1a0 : \uad50\uc721\uacfc\uc815/\ub0b4\uc6a9, \uacfc\uc815\uc744 \ud1b5\ud574 \uc5f0\uc218\uc0dd\ub4e4\uc774 \uc5bb\uc744 \uc218 \uc788\ub294 \uac83, \uc11c\ub958/\uba74\uc811 \ud3c9\uac00 \uc2dc \uc900\ube44 \uc0ac\ud56d \ub4f1\r\n\r\n  - \uc5f0\uc218\uc0dd : \uacfc\uc815 \uc9c0\uc6d0 \ub3d9\uae30, \uacfc\uc815\uc744 \ud1b5\ud574 \uc5bb\uc740 \uac83, \ud5a5\ud6c4 \uacc4\ud68d, \uc120\ubc30 \uae30\uc218\ub85c\uc11c\uc758 \uc870\uc5b8 \ub4f1\r\n\r\n3. \uc5f0\uc218\uc13c\ud130 \ud22c\uc5b4 (4\ud68c\ucc28)\r\n\r\n4. \uc9c8\uc758\uc751\ub2f5\r\n\r\n* 4\ud68c\ucc28 \uacfc\uc815\uc124\uba85\ud68c\ub294 '\uba58\ud1a0 \uc138\ubbf8\ub098'\uc640 \ubcd1\ud589 \uc608\uc815 (\uc0c1\uc138\ub0b4\uc6a9\uc740 \ucd94\ud6c4 \uc5c5\ub370\uc774\ud2b8 \uc608\uc815)", 
        "is_important": false, 
        "created": "2013-11-09T17:29:17.993", 
        "title": "SW Maestro \uacfc\uc815 \uc124\uba85\ud68c \uac1c\ucd5c \uc548\ub0b4 (2~5\ud68c\ucc28)"
    }
},
{
    "pk": 9, 
    "model": "structure.notice", 
    "fields": {
        "category": 1, 
        "content": "SW Maestro \uacfc\uc815 \uc5f0\uc218\uc13c\ud130\uc785\ub2c8\ub2e4. \r\n\r\n3\uae30 1\ub2e8\uacc4 2\ucc28 \ud504\ub85c\uc81d\ud2b8 \uc77c\uc815 \uad00\ub828\ud558\uc5ec \uc548\ub0b4 \ub4dc\ub9bd\ub2c8\ub2e4. \r\n\r\n\uc0ac\uc804\uc5d0 3\uae30 1\ub2e8\uacc4 \uad50\uc721 \uc6b4\uc601(\uc548)\uc774 \uacf5\uc9c0\ub418\uc5b4 2\ucc28 \ud504\ub85c\uc81d\ud2b8\ub97c \uc900\ube44\ud558\uace0 \uc788\ub294 \uc5f0\uc218\uc0dd\uc774 \uc788\uc73c\ub098, \r\n\ub2e4\uc218\uc758 \uc5f0\uc218\uc0dd\uc774 2\ucc28 \ud504\ub85c\uc81d\ud2b8\uc5d0 \ub300\ud55c \uc900\ube44\uac00 \ub418\uc5b4 \uc788\uc9c0 \uc54a\uc740 \uac83\uc73c\ub85c \ud655\uc778 \ub418\uc5c8\uc2b5\ub2c8\ub2e4. \r\n\r\n\uc774\uc5d0 \ud558\uae30\uc640 \uac19\uc774 \uc77c\uc815\uc744 \uc870\uc728\ud558\uc624\ub2c8 \ubcc0\uacbd\ub41c \uc77c\uc815\uc744 \ud655\uc778\ud558\uc2dc\uace0 \r\n2\ucc28 \ud504\ub85c\uc81d\ud2b8 \uc9c4\ud589\uc774 \uc6d0\ud65c\uc774 \ub420 \uc218 \uc788\ub3c4\ub85d \uc5f0\uc218\uc0dd\uc758 \ud611\uc870\ubc14\ub78d\ub2c8\ub2e4. \r\n\r\n- \uc77c \uc815 - \r\n\r\n1.\ud504\ub85c\uc81d\ud2b8 \uacc4\ud68d\uc11c \uc81c\ucd9c \ub9c8\uac10(\uc5f0\uc218\uc0dd\uc81c\ucd9c) : 9/18(\ud654) 24:00\uc2dc\uae4c\uc9c0 \r\n- \ud504\ub85c\uc81d\ud2b8 \uc778\uc6d0 2~3\uba85(1\ucc28 \ud504\ub85c\uc81d\ud2b8 \uc778\uc6d0\uacfc \uc911\ubcf5\ub420 \uc218 \uc5c6\uc74c) \r\n- 1\ucc28 \ud504\ub85c\uc81d\ud2b8\uc640 \uc5f0\uacc4 \ubd88\uac00 \r\n\r\n2. \ud504\ub85c\uc81d\ud2b8 \uacc4\ud68d\uc11c \uac80\ud1a0(\uba58\ud1a0) : 9/19(\uc218) 12:00\uc2dc ~ 9/20(\ubaa9) 24:00\uc2dc\uae4c\uc9c0 \r\n\r\n3. \ud76c\ub9dd\ud504\ub85c\uc81d\ud2b8 \uc120\ud0dd(\uba58\ud1a0) : 9/21(\uae08) 12:00\uc2dc ~ 9/23(\uc77c) 24:00\uc2dc \uae4c\uc9c0 \r\n\r\n4. \ubbf8 \uc120\ud0dd \ud504\ub85c\uc81d\ud2b8 \uc870\uc815\uae30\uac04(\uba58\ud1a0, \uc5f0\uc218\uc0dd) : 9/24(\uc6d4) 09:00 ~ 9/26(\uc218) 18:00\uc2dc\uae4c\uc9c0 \r\n- \uc5f0\uc218\uc0dd\uc758 \ud504\ub85c\uc81d\ud2b8 \uacc4\ud68d\uc11c \uc218\uc815 \ubc0f \uc870\uc728 \r\n\r\n5. \ud504\ub85c\uc81d\ud2b8 \uac1c\uc124(\uba58\ud1a0) : 9/27(\ubaa9) 00:00 ~ 18:00\uc2dc\uae4c\uc9c0 \r\n\r\n6. \ud504\ub85c\uc81d\ud2b8 \uc218\uac15\uc2e0\uccad(\uc5f0\uc218\uc0dd) : 9/28(\uae08) 00:00 ~ 18:00\uc2dc\uae4c\uc9c0 \r\n\r\n7. \ud504\ub85c\uc81d\ud2b8 \uae30\uac04 \ubcc0\uacbd \uc804 : 9/25(\ud654) ~ 11/21(\uc218) [8\uc8fc] -> \ubcc0\uacbd \ud6c4 : 10/4(\ubaa9) ~ 11/21(\uc218) [7\uc8fc] \r\n\r\n\r\n\uc0c1\uae30\uc640 \uac19\uc740 \uc77c\uc815\uc5d0 \ubb38\uc758 \uc788\uc73c\uc2dc\uba74 \uc0ac\ubb34\uad6d\uc73c\ub85c \uc5f0\ub77d\ud558\uc5ec \uc8fc\uc2dc\uae38 \ubc14\ub78d\ub2c8\ub2e4(T. 02.6933.0704) ", 
        "is_important": false, 
        "created": "2013-11-09T17:29:47.824", 
        "title": "[SoMa] 3\uae30 1\ub2e8\uacc4 2\ucc28 \ud504\ub85c\uc81d\ud2b8 \uc77c\uc815 \uc548\ub0b4\ub0b4"
    }
},
{
    "pk": 10, 
    "model": "structure.notice", 
    "fields": {
        "category": 1, 
        "content": "\uae30\ub2e4\ub824\ub77c, \uc2a4\ud2f0\ube0c\uc7a1\uc2a4!! 100\u4eba\uc758 SW \u6230\u58eb\uac00 \uac04\ub2e4!!\r\n\r\n \r\n\r\n- \uc81c2\uae30 \u201csw maestro \uacfc\uc815\u201d \ubc1c\ub300\uc2dd \uac1c\ucd5c \r\n\r\n- \u201c2010 \uc0bc\uc131 \uc138\uacc4 \ubc14\ub2e4 \uac1c\ubc1c \ucc4c\ub9b0\uc9c0(bada global developer challenge)\u201d 1\uc704\uc640 \u201c2010 \ub300\ud55c\ubbfc\uad6d \uc778\uc7ac\uc0c1(\ub300\ud1b5\ub839\uc0c1)\u201d\uc744 \uc218\uc0c1\uc790\ub97c \ubc30\ucd9c\ud55c \u201csw maestro \uacfc\uc815\u201d\uc758 \uc81c2\uae30 \ubc1c\ub300\uc2dd\uc744 \uac1c\ucd5c...\r\n\r\n- \uc9c0\uc2dd\uacbd\uc81c\ubd80(\uc7a5\uad00 : \ucd5c\uc911\uacbd)\ub294 sw\ubd84\uc57c\uc758 \ub6f0\uc5b4\ub09c \uc7ac\ub2a5\uacfc \uc7a0\uc7ac\uc131\uc744 \uac16\uace0 \uc788\ub294 100\uba85\uc758 \ud559\uc0dd\uc744 \uc81c2\uae30 \uc5f0\uc218\uc0dd\uc73c\ub85c \uc120\ubc1c\ud558\uace0, 6.30(\ubaa9), \ubc1c\ub300\uc2dd\uc744 \uac1c\ucd5c...", 
        "is_important": false, 
        "created": "2013-11-09T17:30:11.090", 
        "title": "\uc81c2\uae30 \u201csw maestro \uacfc\uc815\u201d \ubc1c\ub300\uc2dd \uac1c\ucd5c - \u201c\uae30\ub2e4\ub824\ub77c, \uc2a4\ud2f0\ube0c\uc7a1\uc2a4! 100\u4eba\uc758 SW \u6230\u58eb\uac00 \uac04\ub2e4"
    }
},
{
    "pk": 11, 
    "model": "structure.notice", 
    "fields": {
        "category": 1, 
        "content": "\ube14\ub799\ub355\uc18c\ud504\ud2b8\uc6e8\uc5b4\ucf54\ub9ac\uc544\uc5d0\uc11c \ubb34\ub8cc \uc138\ubbf8\ub098\ub97c \uac1c\ucd5c\ud569\ub2c8\ub2e4. (\ucca8\ubd80\ud30c\uc77c \ucc38\uc870) \r\n\r\n\ucc38\uac00\ub97c \ud76c\ub9dd\ud558\ub294 \uc5f0\uc218\uc0dd \uc5ec\ub7ec\ubd84\ub4e4\uaed8\uc11c\ub294, \r\n\r\n\ucca8\ubd80\uc758 \ucc38\uac00\uc2e0\uccad\uc11c \uc791\uc131 \ud6c4, \ub3d9 \ud30c\uc77c \ub0b4\uc5d0 \uc548\ub0b4\ub41c \uba54\uc77c\ub85c \ubcf4\ub0b4\uc2dc\uba74, \r\n\r\n\ucc38\uac00\uc2e0\uccad \uac00\ub2a5\ud569\ub2c8\ub2e4. \r\n", 
        "is_important": false, 
        "created": "2013-11-09T17:30:26.880", 
        "title": "\uc624\ud508\uc18c\uc2a4 \ud65c\uc6a9 \ubc0f \uad00\ub9ac \ud6a8\uc728\ud654 \ubc29\uc548 \uc138\ubbf8\ub098 \uc548\ub0b4"
    }
},
{
    "pk": 12, 
    "model": "structure.notice", 
    "fields": {
        "category": 1, 
        "content": "\"\ud3ec\uc2a4\ud2b8 \uc2a4\ud2f0\ube0c\uc7a1\uc2a4, \uc6b0\ub9ac(SW \ub9c8\uc5d0\uc2a4\ud2b8\ub85c)\uc5d0\uac8c \ub9e1\uaca8\ub77c!\u201d \r\no \uc9c0\uc2dd\uacbd\uc81c\ubd80(\uc7a5\uad00 : \ucd5c\uc911\uacbd)\ub294 \uc81c1\uae30 \u201c\uc18c\ud504\ud2b8\uc6e8\uc5b4(SW) \ub9c8\uc5d0\uc2a4\ud2b8\ub85c \uacfc\uc815\u201d \uc5f0\uc218\uc0dd 100\uba85 \uc911 10\uba85\uc744 \u2018SW \ub9c8\uc5d0\uc2a4\ud2b8\ub85c\u2019\ub85c \ucd5c\uc885 \uc120\uc815\ud558\uace0, 10.25(\ud654), \ucd5c\ucd08 \uc778\uc99d\uc2dd\uc744 \uc131\ud669\ub9ac\uc5d0 \uac1c\ucd5c..", 
        "is_important": false, 
        "created": "2013-11-09T17:30:46.053", 
        "title": "10\uc6d425\uc77c(\ud654) \uc81c1\uae30 SW Maestro \uc778\uc99d\uc2dd \uc131\ud669\ub9ac \uac1c\ucd5c"
    }
},
{
    "pk": 13, 
    "model": "structure.notice", 
    "fields": {
        "category": 1, 
        "content": "SW Maestro \uacfc\uc815 \uc5f0\uc218\uc13c\ud130\uc785\ub2c8\ub2e4. \r\n\r\n\uc81c4\uae30 SW Maestro \uacfc\uc815 \uc9c0\uc6d0 \uc811\uc218\uac00 \ub9c8\uac10\ub418\uc5c8\uc2b5\ub2c8\ub2e4. \r\n\ubcf8 \uacfc\uc815\uc5d0 \uad00\uc2ec\uc744 \uc8fc\uc2e0 \ub9ce\uc740 \uc9c0\uc6d0\uc790 \uc5ec\ub7ec\ubd84\uaed8 \uac10\uc0ac\ub4dc\ub9bd\ub2c8\ub2e4. \r\n\uc55e\uc73c\ub85c \ub0a8\uc740 \uc77c\uc815\uc5d0\ub3c4 \uc801\uadf9 \ucc38\uc5ec\ud574\uc8fc\uc2dc\uae30 \ubc14\ub78d\ub2c8\ub2e4. \r\n\r\n\ud5a5\ud6c4 \uc0c1\uc138 \uc77c\uc815 \uc548\ub0b4\ub4dc\ub9bd\ub2c8\ub2e4. \r\n\uc77c\uc815 \ucc38\uace0\ud558\uc2dc\uc5b4 \uc900\ube44\ud558\uc2dc\uae30 \ubc14\ub78d\ub2c8\ub2e4. \r\n\r\n* \ud5a5\ud6c4 \uc0c1\uc138 \uc77c\uc815 \r\n\u3147 \uc11c\ub958\ud3c9\uac00 : 5.23(\ubaa9) ~ 5.26(\uc77c) \r\n- \ub300\uc0c1 : \uc811\uc218\uc644\ub8cc \uc9c0\uc6d0\uc790 \r\n- \ud569\uaca9\ubc1c\ud45c : 5.30(\uc608\uc815),\ud648\ud398\uc774\uc9c0\uc0c1 \ud655\uc778\uac00\ub2a5 \r\n\r\n\u3147 \uc778\uc801\uc131\uac80\uc0ac : 6.6(\ubaa9) \r\n- \ub300\uc0c1 : \uc11c\ub958\ud3c9\uac00 \ud1b5\uacfc\uc790 \r\n- \uc7a5\uc18c : \uc5f0\uc218\uc13c\ud130 7\uce35 \r\n- \uc2dc\uac04 : \uac1c\ubcc4\uc5f0\ub77d (2\uac1c\ud300\uc73c\ub85c \ub098\ub258\uc5b4 \uc2e4\uc2dc \uc608\uc815) \r\n- \uc81c\ucd9c\uc11c\ub958 : \r\n\uac00. \ub3d9\uc758\uc11c(\uace0\ub4f1\ud559\uc0dd, \ub300\ud559\uc6d0\uc0dd) \r\n\ub098. \uace0\uc6a9\ubcf4\ud5d8\ubbf8\uac00\uc785\ud655\uc778\uc11c \r\n\ub2e4. \uc8fc\ubbfc\ub4f1\ub85d\ucd08\ubcf8(\ubcd1\uc801\uc0ac\ud56d\ud3ec\ud568) \r\n\ub77c. \ud559\uc704\uc99d\uba85\uc11c(\uc7ac\ud559,\uc878\uc5c5,\uc218\ub8cc) \r\n\ub9c8. \uae30\ud0c0 \uc99d\ube59\uc11c\ub958 (\uc218\uc0c1, \ub300\uc678\ud65c\ub3d9 \ud3ec\ud568) \r\n\r\n\u3147 \uba74\uc811\ud3c9\uac00 :6.10(\uc6d4) ~ 6.16(\uc77c) \r\n- \ub300\uc0c1 : \uc11c\ub958\ud1b5\uacfc+\uc778\uc801\uc131\uac80\uc0ac\uc2e4\uc2dc\uc790 \r\n- \uc7a5\uc18c : \uc5f0\uc218\uc13c\ud130 \r\n- \uc2dc\uac04 : \uac1c\ubcc4\uc5f0\ub77d \r\n- \ucd5c\uc885\ud569\uaca9\ubc1c\ud45c : 6.28(\uc608\uc815) \r\n\r\n* \uc0c1\uae30 \uc77c\uc815\uc740 \ub0b4\ubd80 \uc0ac\uc815\uc5d0 \uc758\ud574 \ubcc0\ub3d9 \ub420 \uc218 \uc788\uc2b5\ub2c8\ub2e4.", 
        "is_important": false, 
        "created": "2013-11-11T01:52:39.947", 
        "title": "4\uae30 \ud5a5\ud6c4 \uc77c\uc815 \uc548\ub0b4"
    }
},
{
    "pk": 14, 
    "model": "structure.notice", 
    "fields": {
        "category": 1, 
        "content": "\uc785 \ucc30 \uacf5 \uace0 \ubb38 \r\n\r\n\r\n\r\n\r\n\r\n1. \uc785\ucc30\uc5d0 \ubd80\uce58\ub294 \uc0ac\ud56d \r\n\r\n\uac00. \uc785\ucc30\uac74\uba85 : \uc81c3\uae30\u300cSW Maestro \uacfc\uc815\u300d\ud574\uc678\uc5f0\uc218 \ud504\ub85c\uadf8\ub7a8 \uae30\ud68d \ubc0f \uc6b4\uc601 \ub300\ud589\uc6a9\uc5ed \r\n\r\n\ub098. \uc0ac\uc5c5\uae30\uac04 : \uacc4\uc57d \uccb4\uacb0\uc77c\ub85c\ubd80\ud130 2013. 1. 31. \uae4c\uc9c0 \r\n\r\n\ub2e4. \uc18c\uc694\uc608\uc0b0 : 120,000,000\uc6d0 (\ubd80\uac00\uc138 \ud3ec\ud568) \uc774\ub0b4 \r\n\r\n\r\n\r\n\r\n\r\n2. \uc6a9\uc5ed\uaddc\ubaa8 : \uc81c\uc548\uc694\uccad\uc11c \ucc38\uc870 \r\n\r\n\r\n\r\n\r\n\r\n3. \uc785\ucc30 \ubc0f \uacc4\uc57d \ubc29\ubc95 : \uc77c\ubc18\uacbd\uc7c1\uc785\ucc30(\ud611\uc0c1\uc5d0 \uc758\ud55c \uacc4\uc57d) \r\n\r\n\r\n\r\n\r\n\r\n4. \uc785\ucc30 \ucc38\uac00\uc790\uaca9 \r\n\r\n\uac00. [\uad6d\uac00\ub97c \ub2f9\uc0ac\uc790\ub85c \ud558\ub294 \uacc4\uc57d\uc5d0 \uad00\ud55c \ubc95\ub960 \uc2dc\ud589\ub839 \uc81c12\uc870 \ubc0f \ub3d9\ubc95 \uc2dc\ud589\uaddc\uce59 \r\n\r\n\uc81c14\uc870]\uc5d0 \uc758\ud55c \uc720\uc790\uaca9\uc790\ub85c \uc18c\uc815\uc758 \uc11c\ub958\ub97c \uad6c\ube44\ud558\uc5ec \uc785\ucc30\ub4f1\ub85d\uc744 \ub9c8\uce5c \uc0ac\uc5c5\uc790 \r\n\r\n\ub098. \ub098. \uad6d\uac00\ub97c \ub2f9\uc0ac\uc790\ub85c \ud558\ub294 \uacc4\uc57d\uc5d0 \uad00\ud55c \ubc95\ub960 \uc2dc\ud589\ub839 \uc81c76\uc870\uc5d0 \uc758\ud55c \ubd80\uc815\ub2f9\uc5c5\uc790\uc5d0 \r\n\r\n\ud574 \ud574\ub2f9\ud558\uc9c0 \uc54a\ub294 \uc5c5\uccb4 \r\n\r\n\ub2e4. \uc785\ucc30\ucc38\uac00\uc2e0\uccad\uc2dc \ubcf8\ud68c\uc758 \uc120\uc815\ubc29\uc2dd\uc5d0 \uc774\uc758\uac00 \uc5c6\uc74c\uc744 \ud655\uc57d\ud55c \uc5c5\uccb4 \r\n\r\n\r\n\r\n\r\n\r\n5. \uc785\ucc30 \uc8fc\uc694\uc77c\uc815 \r\n\r\n\uac00. \uc785\ucc30\uae30\uac04 : 2012\ub144 10\uc6d4 17\uc77c(\uc218) ~ 10\uc6d4 30\uc77c(\ud654) 18:00\uae4c\uc9c0 \r\n\r\n\ub098. \uc120\uc815\uc704\uc6d0\ud68c : 2012\ub144 11\uc6d4 2\uc77c(\uae08) \uc608\uc815 \r\n\r\n\ub2e4. \ud611\uc0c1 \ubc0f \uacc4\uc57d : 2012\ub144 11\uc6d4 5\uc77c(\uc6d4) ~ 11\uc6d4 9\uc77c(\uae08) \uc608\uc815 \r\n\r\n\r\n\r\n\r\n\r\n6. \uc81c\uc548\uc11c \uc81c\ucd9c \uc77c\uc2dc \ubc0f \uc7a5\uc18c \r\n\r\n\uac00. \ubc29\ubc95 : \ubc29\ubb38 \uc811\uc218(\ub9c8\uac10\uc2dc\uac04 \ucd08\uacfc \uc2dc \uc811\uc218\ubd88\uac00) \r\n\r\n\ub098. \uc77c\uc2dc : 2012\ub144 10\uc6d4 30\uc77c(\ud654) 18:00\uae4c\uc9c0 \r\n\r\n\ub2e4. \uc7a5\uc18c : (121-795) \uc11c\uc6b8\uc2dc \ub9c8\ud3ec\uad6c \uc0c1\uc554\ub3d9 1605 \ub204\ub9ac\uafc8\uc2a4\ud018\uc5b4 \ube44\uc988\ub2c8\uc2a4\ud0c0\uc6cc 8\uce35 \ud55c\uad6d\uc815\ubcf4\uc0b0\uc5c5\uc5f0\ud569\ud68c \uacbd\uc601\uc9c0\uc6d0\ud300 \r\n\r\n\r\n\r\n7. \ubb38\uc758\ucc98 \r\n\r\n\uc0ac\uc5c5\ubb38\uc758 : (\uc0ac)\ud55c\uad6d\uc815\ubcf4\uc0b0\uc5c5\uc5f0\ud569\ud68c SW Maestro \uc11c\uc815\ubd09 \ud300\uc7a5, \ucd5c\ud55c\ub098 \uc5f0\uad6c\uc6d0 \r\n\r\nTel. 02-6933-0703~4, E-mail. hnchoi@fkii.org \r\n\r\n\uc785\ucc30\ubb38\uc758 : (\uc0ac)\ud55c\uad6d\uc815\ubcf4\uc0b0\uc5c5\uc5f0\ud569\ud68c \uacbd\uc601\uc9c0\uc6d0\ud300 \uae40\ubcf4\uc911 \ud300\uc7a5 \r\n\r\nTel. 02-2132-0701, donelkim@fkii.org \r\n\r\n\r\n\r\n\r\n\r\n\uc704 \uc640 \uac19 \uc774 \uacf5 \uace0 \ud569 \ub2c8 \ub2e4 \r\n\r\n\r\n\r\n\r\n\r\n2012\ub144 10\uc6d4 17\uc77c \r\n\r\n\r\n\r\n\r\n\r\n(\uc0ac)\ud55c\uad6d\uc815\ubcf4\uc0b0\uc5c5\uc5f0\ud569\ud68c \ud68c\uc7a5 ", 
        "is_important": false, 
        "created": "2013-11-11T01:52:59.144", 
        "title": "[\uc785\ucc30\uacf5\uace0] \uc81c3\uae30\u300cSW Maestro \uacfc\uc815\u300d\ud574\uc678\uc5f0\uc218 \ud504\ub85c\uadf8\ub7a8 \uae30\ud68d \ubc0f \uc6b4\uc601 \ub300\ud589\uc6a9\uc5ed"
    }
},
{
    "pk": 15, 
    "model": "structure.notice", 
    "fields": {
        "category": 1, 
        "content": "SW Maestro \uacfc\uc815 \uc5f0\uc218\uc13c\ud130 \uc785\ub2c8\ub2e4. \r\n\r\nSW\uac1c\ubc1c\ubcd1(1011\ubd80\ub300)\uc5d0 \uad00\uc2ec \uc788\uc73c\uc2e0 \uc5f0\uc218\uc0dd\uc740 \ud558\uae30 \ub9c1\ud06c \ucc38\uace0 \ud558\uc2dc\uae38 \ubc14\ub78d\ub2c8\ub2e4. \r\n\r\n\ubcf8 \uacfc\uc815\uc758 \uc5f0\uc218\uc0dd\uc740 \ud558\uae30 \uc9c0\uc6d0\uc790\uaca9\uc5d0 \uc801\ud569\ud558\uae30\uc5d0 SW\uac1c\ubc1c\ubcd1\uc73c\ub85c \uc9c0\uc6d0\uc774 \uac00\ub2a5\ud569\ub2c8\ub2e4. \r\n\r\n\r\n\u25a3 \uc9c0\uc6d0\uc790\uaca9 \r\n\r\n\u3147 \uc5f0\ub839 : \uc9c0\uc6d0\uc11c \uc811\uc218\ub144\ub3c4 \uae30\uc900 \ub9cc 18\uc138 \uc774\uc0c1 28\uc138 \uc774\ud558\uc778 \uc790 \r\n\r\n\u3147 \ud559\ub825 : \uc911\ud559\uad50 \uc878\uc5c5 \uc774\uc0c1\uc758 \ud559\ub825 \uc18c\uc9c0\uc790 \ub610\ub294 \uad50\uc721\uacfc\ud559\uae30\uc220\ubd80\uc7a5\uad00\uc774 \uc778\uc815\ud558\ub294 \ub3d9\ub4f1 \ud559\ub825 \uc18c\uc9c0\uc790 \r\n\r\n\u3147 \uc2e0\uccb4 : \uc2e0\uccb4\ub4f1\uc704 1~3\uae09 \ud604\uc5ed\uc785\uc601\ub300\uc0c1\uc778 \uc790 \r\n\r\n\u3147 \ub2e4\uc74c \ud56d\ubaa9 \uc911 1\uac1c \uc774\uc0c1 \ud574\ub2f9\ub418\ub294 \uc790 \r\n\r\n- \uad6d\ubc29\ubd80\uc640 \uc778\uc7ac \ud611\ub825 MOU \uccb4\uacb0\ud55c \uac1c\ubc1c/\uc815\ubcf4\ubcf4\ud638 \ubd84\uc57c \uc591\uc131\uad50\uc721 \uc5f0\uc218\uacfc\uc815 \uc120\ubc1c\uc790 \ubc0f \uc5f0\uc218\uc0dd-->\ubcf8 \uacfc\uc815 \uc5f0\uc218\uc0dd \ud574\ub2f9 \r\n\r\n- \uad6d\ub0b4\u00b7\uc678 S/W \uacf5\ubaa8\uc804, \uc815\ubcf4\ud654(\uac1c\ubc1c/\uc815\ubcf4\ubcf4\ud638/DB/\uc2dc\uc2a4\ud15c) \ubd84\uc57c \uacbd\uc9c4\ub300\ud68c \ubc0f \ud574\ud0b9\ub300\ud68c \uc785\uc0c1\uc790 \r\n\r\n- \uae30\uc5c5, \uc5f0\uad6c\uc2e4, \ub3d9\uc544\ub9ac\uc5d0\uc11c \uac1c\ubc1c/\uc815\ubcf4\ubcf4\ud638 \ubd84\uc57c 2\ub144 \uc774\uc0c1 \uc720\uacbd\ud5d8\uc790 \r\n\r\n\u261e \uacbd\ub825\uc99d\uba85\uc11c \uc81c\ucd9c \r\n\r\n\r\n\ud558\uae30 \ub9c1\ud06c\ub97c \ud1b5\ud558\uc5ec \ubaa8\uc9d1 \uacf5\uace0\ub97c \ud655\uc778\ud558\uc2dc\uace0, \r\n\ud558\ub2e8\uc5d0 \uccb4\ud06c\ud558\uc5ec \ubcf8 \uba54\uc77c\uc744 9\uc77c(\uc77c)\uae4c\uc9c0 \ud68c\uc2e0\ud558\uc5ec \uc8fc\uc2dc\uae38 \ubc14\ub78d\ub2c8\ub2e4. \r\n\r\n\r\n1) \uc9c0\uc6d0\uc608\uc815(2012.09.10~09.19) ( ) \r\n2) \ucd94\ud6c4 \uc7ac \uacf5\uace0\uc2dc \uc9c0\uc6d0\uc608\uc815 ( ) \r\n\r\n\r\nhttp://www.mma.go.kr/kor/n_mobyung/mojib/mojib01/mojib0101/1262326_6424.html \r\n\r\n\r\n- SW Maestro \uacfc\uc815 \uc5f0\uc218\uc13c\ud130 \uc0ac\ubb34\uad6d - ", 
        "is_important": false, 
        "created": "2013-11-11T01:53:16.668", 
        "title": "[SoMa] \uc548\ub0b4 SW\uac1c\ubc1c\ubcd1(1011\ubd80\ub300) \ubaa8\uc9d1 \uacf5\uace0"
    }
},
{
    "pk": 16, 
    "model": "structure.notice", 
    "fields": {
        "category": 1, 
        "content": "1. \uc785\ucc30\uc5d0 \ubd80\uce58\ub294 \uc0ac\ud56d \r\n\uac00. \uc785\ucc30\uac74\uba85 : SW Maestro \uacfc\uc815 2\uae30 \uc778\uc99d\uc2dd \r\n\ub098. \uc0ac\uc5c5\uae30\uac04 : \uacc4\uc57d\uccb4\uacb0\uc77c\ub85c\ubd80\ud130 2012\ub144 10\uc6d4 31\uc77c\uae4c\uc9c0 \r\n\ub2e4. \uc18c\uc694\uc608\uc0b0 : 60,000,000\uc6d0 (VAT\ud3ec\ud568) \uc774\ub0b4 \r\n\r\n\r\n\r\n2. \uc785\ucc30 \ubc0f \uacc4\uc57d \ubc29\ubc95 : \uc77c\ubc18\uacbd\uc7c1\uc785\ucc30(\ud611\uc0c1\uc5d0 \uc758\ud55c \uacc4\uc57d) \r\n\r\n\r\n\r\n3. \uc785\ucc30 \ucc38\uac00\uc790\uaca9 \r\n\uac00. [\uad6d\uac00\ub97c \ub2f9\uc0ac\uc790\ub85c \ud558\ub294 \uacc4\uc57d\uc5d0 \uad00\ud55c \ubc95\ub960 \uc2dc\ud589\ub839 \uc81c12\uc870 \ubc0f \ub3d9\ubc95 \uc2dc\ud589\uaddc\uce59 \r\n\uc81c14\uc870]\uc5d0 \uc758\ud55c \uc720\uc790\uaca9\uc790\ub85c \uc18c\uc815\uc758 \uc11c\ub958\ub97c \uad6c\ube44\ud558\uc5ec \uc785\ucc30\ub4f1\ub85d\uc744 \ub9c8\uce5c \uc0ac\uc5c5\uc790 \r\n\ub098. \uad6d\uac00\ub97c \ub2f9\uc0ac\uc790\ub85c \ud558\ub294 \uacc4\uc57d\uc5d0 \uad00\ud55c \ubc95\ub960 \uc2dc\ud589\ub839 \uc81c76\uc870\uc5d0 \uc758\ud55c \ubd80\uc815\ub2f9\uc5c5\uc790\uc5d0 \r\n\ud574\ub2f9\ud558\uc9c0 \uc54a\ub294 \uc5c5\uccb4 \r\n\ub2e4. \uc785\ucc30\ucc38\uac00\uc2e0\uccad\uc2dc \ubcf8\ud68c\uc758 \uc120\uc815\ubc29\uc2dd\uc5d0 \uc774\uc758\uac00 \uc5c6\uc74c\uc744 \ud655\uc57d\ud55c \uc5c5\uccb4 \r\n\r\n\r\n\r\n4. \uc785\ucc30 \uc8fc\uc694\uc77c\uc815 \r\n\uac00. \uc785\ucc30\uae30\uac04 : 2012\ub144 8\uc6d4 14\uc77c(\ud654) ~ 8\uc6d4 28\uc77c(\ud654) 15:00\uae4c\uc9c0 \r\n\r\n\ub098. \uc785\ucc30\uc124\uba85\ud68c : 2012\ub144 8\uc6d4 21\uc77c(\ud654) 14:00 SW Maestro\uacfc\uc815 \uc5f0\uc218\uc13c\ud130 2\uce35 \r\n\ub2e4. \uc120\uc815\uc704\uc6d0\ud68c : 2012\ub144 8\uc6d4 30\uc77c(\ubaa9) \uc608\uc815 \r\n\ub77c. \ud611\uc0c1 \ubc0f \uacc4\uc57d : 2012\ub144 8\uc6d4 31\uc77c(\uae08) ~ 9\uc6d4 7\uc77c(\uae08) \uc608\uc815 \r\n\r\n\r\n\r\n5. \uc81c\uc548\uc11c \uc81c\ucd9c \uc77c\uc2dc \ubc0f \uc7a5\uc18c \r\n\uac00. \ubc29\ubc95 : \uc6b0\ud3b8 \ubc0f \ubc29\ubb38 \uc811\uc218(\ub9c8\uac10\uc2dc\uac04 \ucd08\uacfc \uc2dc \uc811\uc218\ubd88\uac00) \r\n\ub098. \uc77c\uc2dc : 2012\ub144 8\uc6d4 28\uc77c(\ud654) 15:00\uae4c\uc9c0 \r\n\ub2e4. \uc7a5\uc18c : (121-795) \uc11c\uc6b8\uc2dc \ub9c8\ud3ec\uad6c \uc0c1\uc554\ub3d9 1605 \ub204\ub9ac\uafc8\uc2a4\ud018\uc5b4 \ube44\uc988\ub2c8\uc2a4\ud0c0\uc6cc 8\uce35\ud55c\uad6d\uc815\ubcf4\uc0b0\uc5c5\uc5f0\ud569\ud68c \uacbd\uc601\uc9c0\uc6d0\ud300 \r\n\r\n\r\n\r\n6. \ubb38\uc758\ucc98 \r\n\uc0ac\uc5c5\ubb38\uc758 : (\uc0ac)\ud55c\uad6d\uc815\ubcf4\uc0b0\uc5c5\uc5f0\ud569\ud68c SW Maestro \uacfc\uc815 \ub2f4\ub2f9 \uae40\ubcf4\ubbf8 \uc120\uc784 \r\nTel. 02-6933-0702, truly@fkii.org \r\n\uc785\ucc30\ubb38\uc758 : (\uc0ac)\ud55c\uad6d\uc815\ubcf4\uc0b0\uc5c5\uc5f0\ud569\ud68c \uacbd\uc601\uc9c0\uc6d0\ud300 \uc774\uc778\ud61c \uc120\uc784 \r\nTel. 02-2132-0702, lih1065@fkii.org \r\n\r\n\r\n\r\n\r\n\r\n\uc704 \uc640 \uac19 \uc774 \uacf5 \uace0 \ud569 \ub2c8 \ub2e4 \r\n\r\n\r\n\r\n2012\ub144 8\uc6d4 14\uc77c \r\n\r\n\r\n\r\n(\uc0ac)\ud55c\uad6d\uc815\ubcf4\uc0b0\uc5c5\uc5f0\ud569\ud68c \ud68c\uc7a5 ", 
        "is_important": false, 
        "created": "2013-11-11T01:53:42.148", 
        "title": "[\uc785\ucc30\uacf5\uace0] SW Maestro \uacfc\uc815 2\uae30 \uc778\uc99d\uc2dd \ud589\uc0ac \ub300\ud589 \uc6a9\uc5ed"
    }
},
{
    "pk": 17, 
    "model": "structure.notice", 
    "fields": {
        "category": 1, 
        "content": "\uc785 \ucc30 \uacf5 \uace0 \ubb38 \r\n\r\n\r\n1. \uc785\ucc30\uc5d0 \ubd80\uce58\ub294 \uc0ac\ud56d \r\n\r\n\uac00. \uc785\ucc30\uac74\uba85 : 2012\ub144\ub3c4 \u300eSW Maestro \uacfc\uc815\u300f\ud64d\ubcf4\ubb3c(\ube0c\ub85c\uc288\uc5b4/\ud3ec\uc2a4\ud130) \uc81c\uc791 \uc6a9\uc5ed \r\n\ub098. \uc0ac\uc5c5\uae30\uac04 : \uc6a9\uc5ed\uacc4\uc57d\uccb4\uacb0\uc77c\ub85c\ubd80\ud130 2012\ub144 3\uc6d4 26\uc77c(\uc6d4)\uae4c\uc9c0 \r\n\ub2e4. \uc18c\uc694\uc608\uc0b0 : \uc77c\uae08 \uc77c\ucc9c\uc0ac\ubc31\uc624\uc2ed\ub9cc\uc6d0(\uffe614,500,000)\uc774\ub0b4(\ubd80\uac00\uc138\ud3ec\ud568) \r\n\r\n2. \uc6a9\uc5ed\uaddc\ubaa8 : \uc81c\uc548\uc694\uccad\uc11c [\uc720\ucca82] \ubb38\uc11c \ucc38\uc870 \r\n\r\n3. \uc785\ucc30 \ubc0f \uacc4\uc57d \ubc29\ubc95 : \uc77c\ubc18\uacbd\uc7c1\uc785\ucc30\uc744 \ud1b5\ud55c \ud611\uc0c1\uc5d0 \uc758\ud55c \uacc4\uc57d \uc900\uc6a9 \r\n\r\n4. \uc81c\uc548\uc11c \uc81c\ucd9c \uc77c\uc2dc \ubc0f \uc7a5\uc18c \r\n\r\n\uac00. \uc77c\uc2dc : 2012\ub144 2\uc6d4 27\uc77c(\uc6d4) 12:00\uae4c\uc9c0 \r\n\ub098. \uc7a5\uc18c : \uc11c\uc6b8\uc2dc \ub9c8\ud3ec\uad6c \uc0c1\uc554\ub3d9 1605 \ub204\ub9ac\uafc8\uc2a4\ud018\uc5b4 \ube44\uc988\ub2c8\uc2a4\ud0c0\uc6cc 8\uce35\ud55c\uad6d\uc815\ubcf4\uc0b0\uc5c5\uc5f0\ud569\ud68c \uacbd\uc601\uc9c0\uc6d0\ud300 \r\n\r\n5. \uc785\ucc30 \uc8fc\uc694\uc77c\uc815 \r\n\r\n\uac00. \uc785\ucc30\uae30\uac04 : 2012\ub144 2\uc6d4 14\uc77c(\ud654) ~ 2\uc6d4 27\uc77c(\uc6d4) 12:00\uae4c\uc9c0 \r\n\ub098. \uc120\uc815\uc704\uc6d0\ud68c : 2012\ub144 2\uc6d4 29\uc77c(\uc218) \uc608\uc815 \r\n\ub2e4. \ud611\uc0c1 \ubc0f \uacc4\uc57d : 2012\ub144 3\uc6d4 2\uc77c(\uae08) \uc608\uc815 \r\n\ub77c. \uc6a9\uc5ed\uae30\uac04 : \uacc4\uc57d\uccb4\uacb0\uc77c\ub85c\ubd80\ud130 2012\ub144 3\uc6d4 26\uc77c(\uc6d4)\uae4c\uc9c0 \r\n\r\n6. \uc81c\ucd9c\uc11c\ub958 \r\n\r\n*\uc785\ucc30\ucc38\uac00\uc11c\ub958 \r\n1. \uc785\ucc30\ucc38\uac00\uc2e0\uccad\uc11c 1\ubd80(\ubcc4\uc9c0 \uc81c1\ud638 \uc11c\uc2dd) \r\n2. \ud655\uc57d\uc11c 1\ubd80(\ubcc4\uc9c0 \uc81c2\ud638 \uc11c\uc2dd) \r\n3. \uc81c\uc548\uc5c5\uccb4 \uc77c\ubc18\ud604\ud669 \ubc0f \uc5f0\ud601 1\ubd80 (\ubcc4\uc9c0 \uc81c3\ud638 \uc11c\uc2dd) \r\n4. \uc8fc\uc694 \uc0ac\uc5c5 \uc2e4\uc801 \ubc0f \uc2e4\uc801\ubb3c(3\uad8c \ud55c\ub3c4)(\ubcc4\uc9c0 \uc81c4\ud638 \uc11c\uc2dd) \r\n5. \uc785\ucc30\ubcf4\uc99d\ubcf4\ud5d8\uc99d\uad8c(\uc785\ucc30\uac00\uaca9\uc758 5/100 \uc774\uc0c1) \r\n6. \uc0ac\uc5c5\uc790\ub4f1\ub85d\uc99d \uc0ac\ubcf8 1\ubd80 \r\n7. \ubc95\uc778\ub4f1\uae30\ubd80\ub4f1\ubcf8 1\ubd80 \r\n8. \ubc95\uc778\uc778\uac10\uc99d\uba85\uc11c 1\ubd80 \r\n9. \ucd5c\uadfc 3\uac1c\ub144\uac04 \uc7ac\ubb34\uc81c\ud45c \r\n10. \ucd5c\uadfc \uad6d\uc138 \ubc0f \uc9c0\ubc29\uc138 \uc644\ub0a9\uc99d\uba85\uc11c 1\ubd80 \r\n11. \uc2e4\uc801\uc99d\uba85\uc11c 1\ubd80(\ubcc4\uc9c0 \uc81c6\ud638 \uc11c\uc2dd) \r\n\r\n* \uc81c\uc548\uc11c \uc11c\ub958 \r\n1. \uc81c\uc548\uc11c 8\ubd80, CD 1\ub9e4(\uc6d0\ubcf8 1\ubd80, \uc0ac\ubcf8 7\ubd80 \uc81c\ucd9c) \r\n2. \uac00\uaca9\uc81c\uc548\uc11c (\ubcc4\uc9c0 \uc81c5\ud638 \uc11c\uc2dd)(\ubc00\ubd09\ud558\uc5ec \ubcc4\ub3c4 \uc81c\ucd9c) \r\n3. \uc2e4\uc801\ubb3c \r\n- \ube0c\ub85c\uc288\uc5b4 \uc2dc\uc548 2\ubd80 12P (\uc2e4\uc81c \ud06c\uae30\ub85c \ucd9c\ub825\ud558\uace0 \uc81c\ubcf8\ud558\uc5ec \uc81c\ucd9c) \r\n- \ud3ec\uc2a4\ud130 \uc2dc\uc548 2\ubd80 (\uc2e4\uc81c \ud06c\uae30\ub85c \ucd9c\ub825\ud558\uace0 \ube14\ub799\ubcf4\ub4dc\uc5d0 \ubd80\ucc29\ud558\uc5ec \uc81c\ucd9c) \r\n\r\n\u203b\uc0ac\ubcf8\uc778 \uacbd\uc6b0 \uc6d0\ubcf8\ub300\uc870\ud655\uc778\ud544 \r\n\r\n\r\n7. \uc785\ucc30 \ucc38\uac00\uc790\uaca9 \r\n\r\n\uac00. [\uad6d\uac00\ub97c \ub2f9\uc0ac\uc790\ub85c \ud558\ub294 \uacc4\uc57d\uc5d0 \uad00\ud55c \ubc95\ub960 \uc2dc\ud589\ub839 \uc81c12\uc870 \ubc0f \ub3d9\ubc95 \uc2dc\ud589\uaddc\uce59 \uc81c14\uc870]\uc5d0 \uc758\ud55c \uc720\uc790\uaca9\uc790\ub85c \uc18c\uc815\uc758 \uc11c\ub958\ub97c \uad6c\ube44\ud558\uc5ec \uc785\ucc30\ub4f1\ub85d\uc744 \ub9c8\uce5c \uc0ac\uc5c5\uc790 \r\n\ub098. \ubc95\uc815 \uad00\ub9ac, \ud654\uc758 \uac1c\uc2dc \uc911\uc5d0 \uc788\uc9c0 \uc54a\uace0 \uad6d\uac00, \uc9c0\ubc29\uc790\uce58\ub2e8\uccb4, \uc815\ubd80\ucd9c\uc5f0 \ubc0f \ud22c\uc790\uae30\uad00\uc5d0 \uc758\ud558\uc5ec \ubd80\uc815\ub2f9 \uc5c5\uccb4\ub85c \uc81c\uc7ac \uc911\uc5d0 \uc788\uc9c0 \uc54a\uc740 \uc5c5\uccb4 \r\n\ub2e4. \uad6d\uac00\ub97c \ub2f9\uc0ac\uc790\ub85c \ud558\ub294 \uacc4\uc57d\uc5d0 \uad00\ud55c \ubc95\ub960 \uc2dc\ud589\ub839 \uc81c76\uc870\uc5d0 \ud574\ub2f9\ud558\uc9c0 \uc54a\ub294 \uc5c5\uccb4 \r\n\ub77c. \uc785\ucc30\ucc38\uac00\uc2e0\uccad\uc2dc \ubcf8\ud68c\uc758 \uc120\uc815\ubc29\uc2dd\uc5d0 \uc774\uc758\uac00 \uc5c6\uc74c\uc744 \ud655\uc57d\ud55c \uc5c5\uccb4 \r\n\r\n\r\n8. \ub099\ucc30\uc790 \uc120\uc815 \ubc29\ubc95 \r\n\r\n\uc785\ucc30\ucc38\uac00\uc790\ub85c\ubd80\ud130 \uc81c\uc548\uc11c\ub97c \uc81c\ucd9c\ubc1b\uc544 \ud611\uc0c1\uc5d0 \uc758\ud55c \uacc4\uc57d\uccb4\uacb0\uae30\uc900\uc5d0 \uc758\uac70 \uc81c\uc548\uc11c \uc2ec\uc0ac\uc704\uc6d0\uc6d0\ud68c\uc5d0\uc11c \uc885\ud569\ud3c9\uac00(\uc81c\uc548\uc11c\ud3c9\uac00 80%, \uac00\uaca9\ud3c9\uac00 20%)\ub97c \ud55c \ud6c4, \uc885\ud569\ud3c9\uc810 \uc810\uc218\uac00 80\uc810 \uc774\uc0c1\uc778 \uc790\ub97c \ud611\uc0c1\uc801\uaca9\uc790\ub85c \uc120\uc815\ud55c\ub2e4. \ud611\uc0c1\uc801\uaca9\uc790 \uc911 \uace0\ub4dd\uc810\uc790 \uc21c\uc73c\ub85c \uc6b0\uc120\ud611\uc0c1\ub300\uc0c1\uc790\ub97c \uc120\uc815\ud558\uace0 \ud611\uc0c1\uc808\ucc28\ub97c \ud1b5\ud558\uc5ec \uacb0\uc815\ud55c\ub2e4. \ub2e4\ub9cc, \ud569\uc0b0\uc810\uc218\uac00 \ub3d9\uc77c\ud55c \uacbd\uc6b0\uc5d0\ub294 \uae30\uc220\ub2a5\ub825 \ud3c9\uac00\uc810\uc218\uac00 \ub192\uc740 \uc81c\uc548\uc790\ub97c \uc120\uc21c\uc704\uc790\ub85c \ud558\uace0, \uae30\uc220\ub2a5\ub825 \ud3c9\uac00\uc810\uc218\ub3c4 \ub3d9\uc77c\ud55c \uacbd\uc6b0\uc5d0\ub294 \uae30\uc220\ub2a5\ub825\uc758 \uc138\ubd80\ud3c9\uac00\ud56d\ubaa9 \uc911 \ubc30\uc810\uc774 \ud070 \ud56d\ubaa9\uc5d0\uc11c \ub192\uc740 \uc810\uc218\ub97c \uc5bb\uc740 \uc790\ub97c \uc120\uc21c\uc704\uc790\ub85c \ud55c\ub2e4. \r\n\r\n\r\n9. \uc785\ucc30\uc758 \ubb34\ud6a8 \r\n\r\n\uac00. \uc81c\uc548\uc11c\uc758 \ub0b4\uc6a9\uc774 \uc0ac\uc2e4\uacfc \ub2e4\ub978 \uacbd\uc6b0 \r\n\ub098. \uc81c\uc548\ucc38\uc5ec \uc790\uaca9\uc774 \uc5c6\ub294 \uc790\uac00 \uc81c\uc548\uc11c\ub97c \uc81c\ucd9c\ud55c \uacbd\uc6b0 \r\n\ub2e4. \ub099\ucc30\uc790\uac00 \uc18c\uc815\uc758 \uae30\uc77c \ub0b4\uc5d0 \uacc4\uc57d\uc744 \uccb4\uacb0\ud558\uc9c0 \uc54a\uc744 \uacbd\uc6b0 \r\n\ub77c. \ub3d9\uc77c\uc0ac\ud56d\uc5d0 \ub3d9\uc77c\uc778\uc774 2\ud1b5 \uc774\uc0c1\uc758 \uc81c\uc548\uc11c\ub97c \uc81c\ucd9c\ud55c \uacbd\uc6b0 \r\n\r\n\r\n10. \uae30\ud0c0 \uc720\uc758\uc0ac\ud56d \r\n\r\n\uac00. \uc81c\ucd9c\uae30\ud55c \ub0b4 \uc811\uc218\ub418\uc9c0 \uc544\ub2c8\ud55c \uc11c\ub958\ub294 \uc778\uc815\ud558\uc9c0 \uc54a\uc73c\uba70 \uc81c\ucd9c\ud55c \uc11c\ub958\ub294 \uc77c\uccb4 \ubc18\ud658\ud558\uc9c0 \uc54a\uc74c. \r\n\ub098. \uc6b0\ud3b8\uc811\uc218\ub294 \ud558\uc9c0 \uc54a\uc73c\uba70, \uc81c\uc548\uc11c\ub294 \ub300\ud45c\uc790(\uc8fc \uc0ac\uc5c5\uc790)\uc778\uac10\uc774 \ub0a0\uc778\ub41c \uacf5\ubb38\uacfc \ud568\uaed8 \uc81c\ucd9c \ub418\uc5b4\uc57c \ud568. \r\n\ub2e4. \ubcf8 \uc81c\uc548\uacfc \uad00\ub828\ub41c \uc77c\uccb4\uc758 \uc18c\uc694 \ube44\uc6a9\uc740 \uc81c\uc548\uc0ac\uc758 \ubd80\ub2f4\uc73c\ub85c \ud568. \r\n\ub77c. \uc785\ucc30\uc5d0 \ucc38\uac00\ud558\uace0\uc790 \ud558\ub294 \uc790\ub294 \u300e\uad6d\uac00\ub97c \ub2f9\uc0ac\uc790\ub85c \ud558\ub294 \uacc4\uc57d\uc5d0 \uad00\ud55c \ubc95\ub960 \uc2dc\ud589\uaddc\uce59 \uc81c41\uc870\u300f\uaddc\uc815\uc5d0 \uc758\ud558\uc5ec \uc785\ucc30\uacf5\uace0\ubb38, \uacfc\uc5c5\uc9c0\uc2dc\uc11c \ubc0f \uae30\ud0c0 \uc785\ucc30\uc5d0 \ud544\uc694\ud55c \ubaa8\ub4e0 \uc0ac\ud56d\uc744 \uc644\uc804\ud788 \uc219\uc9c0\ud558\uace0 \uc785\ucc30\uc5d0 \ucc38\uac00\ud574\uc57c\ud569\ub2c8\ub2e4. \r\n\r\n\r\n11. \ubb38\uc758\ucc98 \r\n-\uc0ac\uc5c5\ubb38\uc758 :(\uc0ac)\ud55c\uad6d\uc815\ubcf4\uc0b0\uc5c5\uc5f0\ud569\ud68c SW Maestro TFT \uae40\ubcf4\ubbf8 \uc120\uc784\uc5f0\uad6c\uc6d0 \r\nTel. 02-6933-0702, truly@fkii.org \r\n-\uc785\ucc30\ubb38\uc758 :(\uc0ac)\ud55c\uad6d\uc815\ubcf4\uc0b0\uc5c5\uc5f0\ud569\ud68c \uacbd\uc601\uc9c0\uc6d0\ud300 \uc774\uc778\ud61c \uc120\uc784\uc5f0\uad6c\uc6d0 \r\nTel. 02-2132-0702, lih1065@fkii.org \r\n\r\n\r\n\uc704 \uc640 \uac19 \uc774 \uacf5 \uace0 \ud569 \ub2c8 \ub2e4 \r\n\r\n\r\n\r\n2012\ub144 2\uc6d4 14\uc77c \r\n\r\n\r\n\r\n(\uc0ac)\ud55c\uad6d\uc815\ubcf4\uc0b0\uc5c5\uc5f0\ud569\ud68c\uc7a5 ", 
        "is_important": false, 
        "created": "2013-11-17T16:17:22.572", 
        "title": "[\uc785\ucc30\uacf5\uace0] 2012\ub144\ub3c4 \u300eSW Maestro \uacfc\uc815\u300f\ud64d\ubcf4\ubb3c(\ube0c\ub85c\uc288\uc5b4/\ud3ec\uc2a4\ud130) \uc81c\uc791 \uc6a9\uc5ed"
    }
},
{
    "pk": 1, 
    "model": "log.log", 
    "fields": {
        "created_time": "2013-11-22T02:57:22.457", 
        "text": "\uc720\uc800 (\uc218\ud6c8\ud55c)\uc758 \ub2e8\uacc4 \ubcc0\uacbd(3rd)", 
        "type": 1, 
        "user": 8
    }
},
{
    "pk": 2, 
    "model": "log.log", 
    "fields": {
        "created_time": "2013-11-22T02:57:37.484", 
        "text": "\uc720\uc800 (\uc218\ud6c8\ud55c)\uc758 \ub2e8\uacc4 \ubcc0\uacbd(1st-2)", 
        "type": 1, 
        "user": 8
    }
},
{
    "pk": 1, 
    "model": "lectureroom.lecture", 
    "fields": {
        "count": 4, 
        "end": "2013-11-17T22:00:00", 
        "room": 2, 
        "admin": "\ud64d\uae38\ub3d9", 
        "created_at": "2013-11-17T17:52:48.950", 
        "updated_at": "2013-11-17T17:52:48.950", 
        "start": "2013-11-17T18:00:00", 
        "user": 1, 
        "admin_tel": "01000000000", 
        "team": "\uc18c\ud504\ud2b8\uc6e8\uc5b4 \ub9c8\uc5d0\uc2a4\ud2b8\ub85c", 
        "message": "\uac00\ub098\ub2e4", 
        "type": "1", 
        "name": "RSS \ub9ac\ub354"
    }
},
{
    "pk": 2, 
    "model": "lectureroom.lecture", 
    "fields": {
        "count": 3, 
        "end": "2013-11-17T20:00:00", 
        "room": 3, 
        "admin": "\ud64d\uae38\ub3d9", 
        "created_at": "2013-11-17T17:53:22.600", 
        "updated_at": "2013-11-17T17:53:22.600", 
        "start": "2013-11-17T18:00:00", 
        "user": 1, 
        "admin_tel": "01000000000", 
        "team": "\uc18c\ud504\ud2b8\uc6e8\uc5b4 \ub9c8\uc5d0\uc2a4\ud2b8\ub85c", 
        "message": "", 
        "type": "1", 
        "name": "\uc18c\ub9c8\uc778\uc758 \uacf5\uac04"
    }
},
{
    "pk": 3, 
    "model": "lectureroom.lecture", 
    "fields": {
        "count": 5, 
        "end": "2013-11-17T23:00:00", 
        "room": 3, 
        "admin": "\ud64d\uae38\ub3d9", 
        "created_at": "2013-11-17T17:56:58.907", 
        "updated_at": "2013-11-17T17:56:58.907", 
        "start": "2013-11-17T21:00:00", 
        "user": 1, 
        "admin_tel": "01000000000", 
        "team": "\uc18c\ud504\ud2b8\uc6e8\uc5b4 \ub9c8\uc5d0\uc2a4\ud2b8\ub85c", 
        "message": ".", 
        "type": "1", 
        "name": "\uc18c\ub9c8\uc778\uc758 \uacf5\uac04"
    }
},
{
    "pk": 4, 
    "model": "lectureroom.lecture", 
    "fields": {
        "count": 2, 
        "end": "2013-11-18T20:00:00", 
        "room": 13, 
        "admin": "\ud64d\uae38\ub3d9", 
        "created_at": "2013-11-17T17:57:33.128", 
        "updated_at": "2013-11-17T17:57:33.128", 
        "start": "2013-11-18T18:00:00", 
        "user": 1, 
        "admin_tel": "01000000000", 
        "team": "\uc18c\ud504\ud2b8\uc6e8\uc5b4 \ub9c8\uc5d0\uc2a4\ud2b8\ub85c", 
        "message": "", 
        "type": "1", 
        "name": "\uc18c\ub9c8\uc778\uc758 \uacf5\uac04"
    }
},
{
    "pk": 5, 
    "model": "lectureroom.lecture", 
    "fields": {
        "count": 2, 
        "end": "2013-11-20T20:00:00", 
        "room": 4, 
        "admin": "\ud64d\uae38\ub3d9", 
        "created_at": "2013-11-17T17:58:29.074", 
        "updated_at": "2013-11-17T17:58:29.074", 
        "start": "2013-11-20T18:00:00", 
        "user": 1, 
        "admin_tel": "01000000000", 
        "team": "\uc18c\ud504\ud2b8\uc6e8\uc5b4 \ub9c8\uc5d0\uc2a4\ud2b8\ub85c", 
        "message": "", 
        "type": "1", 
        "name": "\uc18c\ub9c8\uc778\uc758 \uacf5\uac04"
    }
},
{
    "pk": 6, 
    "model": "lectureroom.lecture", 
    "fields": {
        "count": 4, 
        "end": "2013-11-18T18:30:00", 
        "room": 12, 
        "admin": "\ud64d\uae38\ub3d9", 
        "created_at": "2013-11-17T17:59:33.181", 
        "updated_at": "2013-11-17T17:59:33.181", 
        "start": "2013-11-18T18:00:00", 
        "user": 1, 
        "admin_tel": "01000000000", 
        "team": "\uc18c\ud504\ud2b8\uc6e8\uc5b4 \ub9c8\uc5d0\uc2a4\ud2b8\ub85c", 
        "message": "", 
        "type": "1", 
        "name": "\ubc95\ub960 \uba58\ud1a0\ub9c1"
    }
},
{
    "pk": 1, 
    "model": "document.mentoringreport", 
    "fields": {
        "content": "MacBook Pro Retina \ub514\uc2a4\ud50c\ub808\uc774 \ubaa8\ub378\uc744 \ub514\uc790\uc778 \ud560 \ub54c, \uc6b0\ub9ac\ub294 \ubc31\uc9c0 \uc0c1\ud0dc\uc5d0\uc11c \uc2dc\uc791\ud588\uc2b5\ub2c8\ub2e4.\r\n\uadf8 \ub355\uc5d0 \uc6b0\ub9ac\ub294 \ubb54\uac00 \uacfc\uac10\ud55c \uac83, \ubb54\uac00 \uc644\uc804\ud788 \ub2e4\ub978 \uac78 \ub9d8\uaecf \uc0c1\uc0c1\ud560 \uc218 \uc788\ub294 \uc790\uc720\ub97c \ub204\ub9b4 \uc218 \uc788\uc5c8\uc2b5\ub2c8\ub2e4.", 
        "is_cooperation": false, 
        "mentees": [
            2, 
            12, 
            13
        ], 
        "title": "\ub514\uc790\uc778\uc758 \ud798\uc774 \ub9cc\ub4e4\uc5b4\ub0b8 \ub180\ub77c\uc6b4 \uc131\ub2a5", 
        "issue": "\uace0\ud574\uc0c1\ub3c4\ub2e4", 
        "start_time": "17:00:00", 
        "schedule": "\ub9e5\ubd81 \ud504\ub85c \ub808\ud2f0\ub098 2014\ub144\ub3c4 \ubc84\uc804\uc744 \uc0bd\uc2dc\ub2e4", 
        "sign_users": [
            2, 
            8, 
            12, 
            13
        ], 
        "project": 13, 
        "place": "\uc18c\ub9c8\uc13c\ud130 7\uce35 \ud574\ucc2c1", 
        "mentor": 8, 
        "accept_time": "02:30:00", 
        "date": "2013-10-31", 
        "real_time": "02:30:00", 
        "opinion": "\ub9e4\uc6b0 \uc544\ub984\ub2f5\uc2b5\ub2c8\ub2e4", 
        "type": 1, 
        "end_time": "19:30:00"
    }
},
{
    "pk": 2, 
    "model": "document.mentoringreport", 
    "fields": {
        "content": "MacBook Pro Retina \ub514\uc2a4\ud50c\ub808\uc774 \ubaa8\ub378\uc740 \ub180\ub78d\uac8c \uc587\uace0 \uac00\ubcbc\uc6b0\uba74\uc11c, \ub3d9\uc2dc\uc5d0 \ubbff\uc744 \uc218 \uc5c6\uc774 \ud30c\uc6cc\ud480\ud569\ub2c8\ub2e4. \uc6d0\ud558\ub294 \ubaa8\ub4e0 \uac83\ub4e4\uc744 \ud558\ub098\uc758 \ub514\uc790\uc778\uc5d0 \ub2f4\uae30 \uc704\ud574\uc11c\ub294 \ub048\uc9c8\uae34 \uc9d1\uc911\ub825\uacfc \uacfc\uac10\ud55c \uacb0\ub2e8\uc744 \ub0b4\ub9b4 \uc218 \uc788\ub294 \uc758\uc9c0\uac00 \ud544\uc694\ud588\uc8e0.\r\n\uad6c\uc11d\uad6c\uc11d \ubaa8\ub4e0 \ub514\ud14c\uc77c\uc744 \ube60\uc9d0\uc5c6\uc774 \ub514\uc790\uc778\ud558\uace0 \uc124\uacc4\ud558\uace0 \uc81c\uc791\ud558\uace0 \uc870\ub9bd\ud558\uc5ec \uac00\uc7a5 \uae4c\ub2e4\ub85c\uc6b4 \uc131\ub2a5 \uae30\uc900\uc744 \ucda9\uc871\uc2dc\ucf30\uc2b5\ub2c8\ub2e4.", 
        "is_cooperation": false, 
        "mentees": [
            2, 
            12
        ], 
        "title": "\uc904\uc5c8\uc9c0\ub9cc \ub298\uc5b4\ub09c, \uc5ed\uc124\uc801\uc778 \ud604\uc0c1", 
        "issue": "", 
        "start_time": "20:00:00", 
        "schedule": "", 
        "sign_users": [
            2, 
            8, 
            12
        ], 
        "project": 13, 
        "place": "\uc18c\ub9c8\uc13c\ud130 2\uce35", 
        "mentor": 8, 
        "accept_time": "03:00:00", 
        "date": "2013-10-11", 
        "real_time": "03:00:00", 
        "opinion": "", 
        "type": 1, 
        "end_time": "23:00:00"
    }
},
{
    "pk": 3, 
    "model": "document.mentoringreport", 
    "fields": {
        "content": "\uc5b4\ub290 \uba74\uc5d0\uc11c \ubcf4\ub098 Retina \ub514\uc2a4\ud50c\ub808\uc774\ub294 \ud68d\uae30\uc801\uc785\ub2c8\ub2e4. \uae30\uc220\uc758 \ud55c\uacc4\ub97c \ub04c\uc5b4\uc62c\ub824 \ud53d\uc140 \ubc00\ub3c4\ub97c \ud06c\uac8c \ub192\uc600\uae30 \ub54c\ubb38\uc5d0 \ud654\uba74\uc5d0 \ubcf4\uc774\ub294 \ubaa8\ub4e0 \uac83\uc774 \uc644\ubcbd\ud558\uac8c \uc120\uba85\ud558\uace0 \ubc14\ub298 \ub05d \uac19\uc740 \uc815\ud655\uc131\uc73c\ub85c \uc5b4\ub5a4 \uc791\uc5c5\uc774\ub4e0 \ud560 \uc218 \uc788\uc2b5\ub2c8\ub2e4.", 
        "is_cooperation": false, 
        "mentees": [
            2
        ], 
        "title": "\uc55e\uc120 \ub514\uc2a4\ud50c\ub808\uc774\uac00 \ubcf4\uc5ec\uc8fc\ub294 \uc120\uba85\ud55c \ucc28\uc774", 
        "issue": "", 
        "start_time": "16:00:00", 
        "schedule": "", 
        "sign_users": [
            2, 
            8
        ], 
        "project": 13, 
        "place": "\uc18c\ub9c8\uc13c\ud130 7\uce35", 
        "mentor": 8, 
        "accept_time": "03:00:00", 
        "date": "2013-10-13", 
        "real_time": "03:00:00", 
        "opinion": "", 
        "type": 1, 
        "end_time": "19:00:00"
    }
},
{
    "pk": 4, 
    "model": "document.mentoringreport", 
    "fields": {
        "content": "MacBook Pro Retina \ub514\uc2a4\ud50c\ub808\uc774 \ubaa8\ub378\uc758 \ubaa8\ub4e0 \ubd80\ubd84\uc740 \uc131\ub2a5\uc744 \uc5fc\ub450\uc5d0 \ub450\uace0 \ub514\uc790\uc778\ub418\uc5c8\uc2b5\ub2c8\ub2e4.", 
        "is_cooperation": false, 
        "mentees": [
            2, 
            12
        ], 
        "title": "\ucd5c\uace0\uc758 \uc131\ub2a5\uc744 \uc704\ud55c \ucd5c\uace0\uc758 \ub514\uc790\uc778", 
        "issue": "", 
        "start_time": "21:00:00", 
        "schedule": "", 
        "sign_users": [
            2, 
            8, 
            12
        ], 
        "project": 13, 
        "place": "\uc18c\ub9c8\uc13c\ud130 7\uce35", 
        "mentor": 8, 
        "accept_time": "01:30:00", 
        "date": "2013-10-24", 
        "real_time": "01:30:00", 
        "opinion": "", 
        "type": 1, 
        "end_time": "22:30:00"
    }
},
{
    "pk": 5, 
    "model": "document.mentoringreport", 
    "fields": {
        "content": "MacBook Pro Retina \ub514\uc2a4\ud50c\ub808\uc774 \ubaa8\ub378\uc744 \ub514\uc790\uc778\ud55c\ub2e4\ub294 \uac83\uc740 \uace0\uc131\ub2a5 \ub178\ud2b8\ubd81\uc5d0 \uc5b4\ub5a4 \ud3ec\ud2b8\uac00 \uc801\uc808\ud560\uc9c0 \uadfc\ubcf8\ubd80\ud130 \uc0c8\ub86d\uac8c \uc0dd\uac01\ud55c\ub2e4\ub294 \uac83\uc744 \uc758\ubbf8\ud569\ub2c8\ub2e4.", 
        "is_cooperation": false, 
        "mentees": [
            2, 
            12
        ], 
        "title": "\uc591\uce21\uba74\uc5d0 \ud0d1\uc7ac\ub41c \ucd5c\ucca8\ub2e8 \uae30\uc220", 
        "issue": "", 
        "start_time": "18:30:00", 
        "schedule": "", 
        "sign_users": [
            2, 
            8, 
            12
        ], 
        "project": 13, 
        "place": "\uc18c\ub9c8\uc13c\ud130 2\uce35", 
        "mentor": 8, 
        "accept_time": "01:30:00", 
        "date": "2013-10-25", 
        "real_time": "01:30:00", 
        "opinion": "", 
        "type": 1, 
        "end_time": "20:00:00"
    }
},
{
    "pk": 6, 
    "model": "document.mentoringreport", 
    "fields": {
        "content": "MacBook Pro Retina \ub514\uc2a4\ud50c\ub808\uc774 \ubaa8\ub378\uc740 \ub514\ud14c\uc77c\uc5d0 \uadf9\ub3c4\ub85c \uc2ec\ud608\uc744 \uae30\uc6b8\uc778 \uacb0\uacfc\ubb3c\uc785\ub2c8\ub2e4.", 
        "is_cooperation": false, 
        "mentees": [
            2, 
            12
        ], 
        "title": "\uc815\ubc00\ud55c \uc124\uacc4", 
        "issue": "", 
        "start_time": "17:30:00", 
        "schedule": "", 
        "sign_users": [
            2, 
            8, 
            12
        ], 
        "project": 13, 
        "place": "\uc18c\ub9c8\uc13c\ud130 7\uce35", 
        "mentor": 8, 
        "accept_time": "02:00:00", 
        "date": "2013-11-01", 
        "real_time": "02:00:00", 
        "opinion": "", 
        "type": 1, 
        "end_time": "19:30:00"
    }
},
{
    "pk": 7, 
    "model": "document.mentoringreport", 
    "fields": {
        "content": "MacBook Pro Retina \ub514\uc2a4\ud50c\ub808\uc774 \ubaa8\ub378\uc740 \ub178\ud2b8\ubd81\uc5d0 \ub300\ud55c \uacbd\ud5d8\uc744 \uc644\uc804\ud788 \ubcc0\ud654\uc2dc\ud0b5\ub2c8\ub2e4.", 
        "is_cooperation": false, 
        "mentees": [
            2, 
            12
        ], 
        "title": "\ud30c\uc6cc\uc758 \uc815\uc758\ub97c \uc138\uc6b0\ub2e4", 
        "issue": "", 
        "start_time": "20:00:00", 
        "schedule": "", 
        "sign_users": [
            2, 
            8, 
            12
        ], 
        "project": 13, 
        "place": "\uc18c\ub9c8\uc13c\ud130 7\uce35", 
        "mentor": 8, 
        "accept_time": "01:30:00", 
        "date": "2013-11-03", 
        "real_time": "01:30:00", 
        "opinion": "", 
        "type": 1, 
        "end_time": "21:30:00"
    }
},
{
    "pk": 8, 
    "model": "document.mentoringreport", 
    "fields": {
        "content": "\uace0\uc131\ub2a5 \uadf8\ub798\ud53d, PCIe\uae30\ubc18 flash\uc800\uc7a5\uc7a5\uce58\uc640 Thunderbolt2 \ub355\ubd84\uc5d0 \ub354 \ube60\ub978 \uc131\ub2a5\uc744 \uc790\ub791\ud569\ub2c8\ub2e4.", 
        "is_cooperation": false, 
        "mentees": [
            2
        ], 
        "title": "\uadf8\ub9ac\uace0 \uc774\uc81c \ucd5c\uc2e0 Intel\ud504\ub85c\uc138\uc11c", 
        "issue": "", 
        "start_time": "18:00:00", 
        "schedule": "", 
        "sign_users": [
            2, 
            8
        ], 
        "project": 13, 
        "place": "\uc18c\ub9c8\uc13c\ud130 2\uce35", 
        "mentor": 8, 
        "accept_time": "04:00:00", 
        "date": "2013-11-12", 
        "real_time": "04:00:00", 
        "opinion": "", 
        "type": 1, 
        "end_time": "22:00:00"
    }
},
{
    "pk": 9, 
    "model": "document.mentoringreport", 
    "fields": {
        "content": "\uc0c8\ub85c\uc6b4 4\uc138\ub300 Intel Core i5 \ubc0f i7 \ud504\ub85c\uc138\uc11c\uac00 \uac00\uc7a5 \ubcf5\uc7a1\ud55c \ucef4\ud4e8\ud305 \uc791\uc5c5\uae4c\uc9c0 \ubb38\uc81c\uc5c6\uc774 \ucc98\ub9ac\ud574\uc90d\ub2c8\ub2e4.", 
        "is_cooperation": false, 
        "mentees": [
            2, 
            12
        ], 
        "title": "\ucd5c\uace0\uc758 \ubd80\ud488\uc774 \ub9cc\ub4dc\ub294 \uc18d\ub3c4\uc758 \uc2dc\ub108\uc9c0", 
        "issue": "", 
        "start_time": "16:00:00", 
        "schedule": "", 
        "sign_users": [
            2, 
            8, 
            12
        ], 
        "project": 13, 
        "place": "\uc18c\ub9c8\uc13c\ud130 7\uce35", 
        "mentor": 8, 
        "accept_time": "02:00:00", 
        "date": "2013-11-14", 
        "real_time": "02:00:00", 
        "opinion": "", 
        "type": 1, 
        "end_time": "18:00:00"
    }
},
{
    "pk": 10, 
    "model": "document.mentoringreport", 
    "fields": {
        "content": "\uc774\ub7ec\ud55c \uac15\ub825\ud55c \uc0ac\uc591\uc73c\ub85c \uc774\uc81c \ub178\ud2b8\ubd81 \ucef4\ud4e8\ud130\uc5d0 \ub300\ud55c \uae30\uc900\uc744 \uc644\uc804\ud788 \uc0c8\ub86d\uac8c \uc501\ub2c8\ub2e4", 
        "is_cooperation": false, 
        "mentees": [
            2, 
            12, 
            13
        ], 
        "title": "\uc0ac\uc9c4 \uc791\uc5c5", 
        "issue": "", 
        "start_time": "17:30:00", 
        "schedule": "", 
        "sign_users": [
            2, 
            8, 
            12, 
            13
        ], 
        "project": 13, 
        "place": "\uc18c\ub9c8\uc13c\ud130 2\uce35", 
        "mentor": 8, 
        "accept_time": "01:00:00", 
        "date": "2013-11-19", 
        "real_time": "01:00:00", 
        "opinion": "", 
        "type": 1, 
        "end_time": "18:30:00"
    }
},
{
    "pk": 20, 
    "model": "document.mentoringreport", 
    "fields": {
        "content": "\uc27d\uac8c \uc77c\ud558\uace0, \uc2e0\ub098\uac8c \uc990\uae30\uace0", 
        "is_cooperation": false, 
        "mentees": [
            34, 
            35, 
            36
        ], 
        "title": "\uac15\ub825\ud55c \uae30\ubcf8 \uc571", 
        "issue": "", 
        "start_time": "20:00:00", 
        "schedule": "", 
        "sign_users": [
            33, 
            34, 
            35, 
            36
        ], 
        "project": 14, 
        "place": "\uc18c\ub9c8\uc13c\ud130 7\uce35", 
        "mentor": 33, 
        "accept_time": "03:30:00", 
        "date": "2013-10-08", 
        "real_time": "03:30:00", 
        "opinion": "", 
        "type": 1, 
        "end_time": "23:30:00"
    }
},
{
    "pk": 21, 
    "model": "document.mentoringreport", 
    "fields": {
        "content": "\uad00\ub9ac\ud558\uae30 \uc27d\uace0 \uc5b4\ub514\ub4e0 \uaf2d \ub9de\ub294 \uc11c\ubc84\uac00 \uc774\uc81c \ub354 \uac15\ub825\ud55c \ud30c\uc6cc\uc640 \uc774\uc804 \uc138\ub300\ubcf4\ub2e4 \ucd5c\ub300 2\ubc30 \ub354 \ud070 \uc800\uc7a5 \uc6a9\ub7c9\uc744 \uac16\ucd94\uc5c8\uc2b5\ub2c8\ub2e4.", 
        "is_cooperation": false, 
        "mentees": [
            34, 
            35, 
            36
        ], 
        "title": "OS X Server \ud0d1\uc7ac Mac mini", 
        "issue": "", 
        "start_time": "19:00:00", 
        "schedule": "", 
        "sign_users": [
            33, 
            34, 
            35, 
            36
        ], 
        "project": 14, 
        "place": "\uc18c\ub9c8\uc13c\ud130 2\uce35", 
        "mentor": 33, 
        "accept_time": "01:30:00", 
        "date": "2013-10-09", 
        "real_time": "01:30:00", 
        "opinion": "", 
        "type": 1, 
        "end_time": "20:30:00"
    }
},
{
    "pk": 22, 
    "model": "document.mentoringreport", 
    "fields": {
        "content": "\uc6d0\ud558\ub294\ub300\ub85c Mac mini\uc758 \uc0ac\uc591\uc744 \uad6c\uc131\ud558\uace0 \ubb34\ub8cc\ub85c \ubc30\uc1a1\ubc1b\uc73c\uc138\uc694", 
        "is_cooperation": false, 
        "mentees": [
            34, 
            35, 
            36
        ], 
        "title": "\uc628\ub77c\uc778\uc5d0\uc11c \uad6c\uc785\ud558\uc138\uc694", 
        "issue": "", 
        "start_time": "18:00:00", 
        "schedule": "", 
        "sign_users": [
            33, 
            34, 
            35, 
            36
        ], 
        "project": 14, 
        "place": "\uc18c\ub9c8\uc13c\ud130 7\uce35", 
        "mentor": 33, 
        "accept_time": "01:30:00", 
        "date": "2013-10-16", 
        "real_time": "01:30:00", 
        "opinion": "", 
        "type": 1, 
        "end_time": "19:30:00"
    }
},
{
    "pk": 23, 
    "model": "document.mentoringreport", 
    "fields": {
        "content": "Apple \ub9ac\uc140\ub7ec \ub9e4\uc7a5\uc5d0\uc11c Mac mini\ub97c \uc9c1\uc811 \uccb4\ud5d8\ud558\uace0 \uad81\uae08\ud55c \uc810\uc744 \ubaa8\ub450 \ubb3c\uc5b4\ubcf4\uc138\uc694", 
        "is_cooperation": false, 
        "mentees": [
            34, 
            35
        ], 
        "title": "\uc9c1\uc811 \ubc29\ubb38\ud558\uc138\uc694", 
        "issue": "", 
        "start_time": "15:00:00", 
        "schedule": "", 
        "sign_users": [
            33, 
            34, 
            35
        ], 
        "project": 14, 
        "place": "\uc18c\ub9c8\uc13c\ud130 2\uce35", 
        "mentor": 33, 
        "accept_time": "01:30:00", 
        "date": "2013-10-20", 
        "real_time": "01:30:00", 
        "opinion": "", 
        "type": 1, 
        "end_time": "16:30:00"
    }
},
{
    "pk": 24, 
    "model": "document.mentoringreport", 
    "fields": {
        "content": "\uad6c\uc785 \uc804\uc5d0 mac mini\uc5d0 \uad00\ud574 \uad81\uae08\ud55c \uc810\uc744 \ubb3c\uc5b4\ubcf4\uc138\uc694", 
        "is_cooperation": false, 
        "mentees": [
            34, 
            35, 
            36
        ], 
        "title": "Apple\uacfc \uc0c1\ub2f4\ud558\uc138\uc694", 
        "issue": "", 
        "start_time": "20:00:00", 
        "schedule": "", 
        "sign_users": [
            33, 
            34, 
            35, 
            36
        ], 
        "project": 14, 
        "place": "\uc18c\ub9c8\uc13c\ud130 7\uce35", 
        "mentor": 33, 
        "accept_time": "03:00:00", 
        "date": "2013-10-24", 
        "real_time": "03:00:00", 
        "opinion": "", 
        "type": 1, 
        "end_time": "23:00:00"
    }
},
{
    "pk": 25, 
    "model": "document.mentoringreport", 
    "fields": {
        "content": "\uc138\ub828\ub41c \uc54c\ub8e8\ubbf8\ub284 \ub514\uc790\uc778, \uac04\ud3b8\ud55c \uba54\ubaa8\ub9ac \uc811\uc18d", 
        "is_cooperation": false, 
        "mentees": [
            34, 
            35, 
            36
        ], 
        "title": "\ub2e8\uc9c0 3.6\uc13c\ud2f0\ubbf8\ud130, \ub180\ub77c\uc9c0 \uc54a\uc744 \uc218 \uc5c6\uc2b5\ub2c8\ub2e4", 
        "issue": "", 
        "start_time": "20:00:00", 
        "schedule": "", 
        "sign_users": [
            33, 
            34, 
            35, 
            36
        ], 
        "project": 14, 
        "place": "\uc18c\ub9c8\uc13c\ud130 7\uce35", 
        "mentor": 33, 
        "accept_time": "03:00:00", 
        "date": "2013-11-01", 
        "real_time": "03:00:00", 
        "opinion": "", 
        "type": 1, 
        "end_time": "23:00:00"
    }
},
{
    "pk": 26, 
    "model": "document.mentoringreport", 
    "fields": {
        "content": "Mac mini\ub294 \ud558\ub098\uc758 \uc54c\ub8e8\ubbf8\ub284 \ube14\ub85d\uc5d0\uc11c \uac00\uacf5\ub41c 3.6cm\uc758 \ub450\uaed8\uc758 \ub9e4\ub048\ud55c Unibody\uc678\ud615\uc744 \ud2b9\uc9d5\uc73c\ub85c \ud558\uace0 \uc788\uc2b5\ub2c8\ub2e4.", 
        "is_cooperation": false, 
        "mentees": [
            34, 
            35, 
            36
        ], 
        "title": "\ube60\ub974\uac8c \ub098\uc544\uac11\ub2c8\ub2e4. \ud55c \ubc1c \uc55e\uc11c\uac11\ub2c8\ub2e4", 
        "issue": "", 
        "start_time": "17:00:00", 
        "schedule": "", 
        "sign_users": [
            33, 
            34, 
            35, 
            36
        ], 
        "project": 14, 
        "place": "\uc18c\ub9c8\uc13c\ud130 2\uce35", 
        "mentor": 33, 
        "accept_time": "01:30:00", 
        "date": "2013-11-03", 
        "real_time": "01:30:00", 
        "opinion": "", 
        "type": 1, 
        "end_time": "18:30:00"
    }
},
{
    "pk": 27, 
    "model": "document.mentoringreport", 
    "fields": {
        "content": "\uc744 \ub9cc\ub4e4\ub54c \uc0ac\uc6a9\ub418\uc5b4\uc9c0\ub294 \uac83\uacfc \ub3d9\uc77c\ud55c \uc885\ub958\uc758 \ucef4\ud4e8\ud130 \uc218\uce58\uc81c\uc5b4 \uc7a5\ube44\ub97c \uc774\uc6a9\ud558\uc5ec \ub9cc\ub4e4\uc5b4\uc84c\uc2b5\ub2c8\ub2e4.", 
        "is_cooperation": false, 
        "mentees": [
            34, 
            35, 
            36
        ], 
        "title": "\ud56d\uacf5 \uc6b0\uc8fc\uc0b0\uc5c5\uc5d0\uc11c \uc6b0\uc8fc\uc120\uc758 \uc8fc\uc694\ubd80\ud488", 
        "issue": "", 
        "start_time": "16:00:00", 
        "schedule": "", 
        "sign_users": [
            33, 
            34, 
            35, 
            36
        ], 
        "project": 14, 
        "place": "\uc18c\ub9c8\uc13c\ud130 2\uce35", 
        "mentor": 33, 
        "accept_time": "01:30:00", 
        "date": "2013-11-05", 
        "real_time": "01:30:00", 
        "opinion": "", 
        "type": 1, 
        "end_time": "17:30:00"
    }
},
{
    "pk": 28, 
    "model": "document.mentoringreport", 
    "fields": {
        "content": "\uc804\uc6d0\uacf5\uae09\uc7a5\uce58\ub294 Mac mini\uc758 \uc548\uc5d0 \ub0b4\uc7a5\ub418\uc5b4 \uc788\uc2b5\ub2c8\ub2e4.\r\n\uadf8\ub798\uc11c \ubd80\ud53c\uac00 \ud070 \uc804\uc6d0 \uacf5\uae09\uc7a5\uce58\uac00 \uc5c6\uace0, \uc5f0\uacb0\ud560 \ucf00\uc774\ube14\ub3c4 \ub354 \uc801\uc2b5\ub2c8\ub2e4.", 
        "is_cooperation": false, 
        "mentees": [
            34, 
            35, 
            36
        ], 
        "title": "\ubbf8\ub2c8\ub77c\uc11c \ub354 \uc12c\uc138\ud558\uac8c \uacf5\ub4e4\uc600\uc2b5\ub2c8\ub2e4", 
        "issue": "", 
        "start_time": "18:00:00", 
        "schedule": "", 
        "sign_users": [
            33, 
            34, 
            35, 
            36
        ], 
        "project": 14, 
        "place": "\uc18c\ub9c8\uc13c\ud130 7\uce35", 
        "mentor": 33, 
        "accept_time": "03:00:00", 
        "date": "2013-11-11", 
        "real_time": "03:00:00", 
        "opinion": "", 
        "type": 1, 
        "end_time": "21:00:00"
    }
},
{
    "pk": 29, 
    "model": "document.mentoringreport", 
    "fields": {
        "content": "\ub0b4\uc7a5\ub41c Thunderbolt \uae30\uc220\uc744 \uc774\uc6a9\ud574 \ud558\ub098\uc758 \ud3ec\ud2b8\uc5d0 Apple Thunderbolt Display\ub97c \ud3ec\ud568, \ucd5c\ub300 6\ub300\uc758 Thunderbolt\uc8fc\ubcc0\uae30\uae30\ub97c \ub370\uc774\uc9c0 \uccb4\uc778\uc73c\ub85c \uc5f0\uacb0\ud560 \uc218 \uc788\uc2b5\ub2c8\ub2e4.", 
        "is_cooperation": false, 
        "mentees": [
            34, 
            35, 
            36
        ], 
        "title": "\uc5ec\ub7ec \uac1c\uc758 \ud3ec\ud2b8. \ub300\ub2e8\ud55c \uac00\ub2a5\uc131", 
        "issue": "", 
        "start_time": "14:00:00", 
        "schedule": "", 
        "sign_users": [
            33, 
            34, 
            35, 
            36
        ], 
        "project": 14, 
        "place": "\uc18c\ub9c8\uc13c\ud130 7\uce35", 
        "mentor": 33, 
        "accept_time": "02:00:00", 
        "date": "2013-11-16", 
        "real_time": "02:00:00", 
        "opinion": "", 
        "type": 1, 
        "end_time": "16:00:00"
    }
},
{
    "pk": 30, 
    "model": "document.mentoringreport", 
    "fields": {
        "content": "Mac App Store\uc5d0\uc11c \uc635\ud2f0\uceec \ub514\uc2a4\ud06c \ub4dc\ub77c\uc774\ube0c\uac00 \uc5c6\uc774\ub3c4 \uc571\uc744 \ub9e4\uc6b0 \uc27d\uac8c \ub2e4\uc6b4\ub85c\ub4dc\ud560 \uc218 \uc788\uc2b5\ub2c8\ub2e4.", 
        "is_cooperation": false, 
        "mentees": [
            16, 
            21
        ], 
        "title": "\ub2f9\uc2e0\uc5d0\uac8c \ud544\uc694\ud55c \ubc14\ub85c \uadf8\uac83. \ud544\uc694\uc5c6\ub294 \uac83\uc740 \uc5c6\uc2b5\ub2c8\ub2e4.", 
        "issue": "", 
        "start_time": "20:00:00", 
        "schedule": "", 
        "sign_users": [
            16, 
            21, 
            47
        ], 
        "project": 6, 
        "place": "\uc18c\ub9c8\uc13c\ud130 7\uce35", 
        "mentor": 47, 
        "accept_time": "03:00:00", 
        "date": "2013-11-07", 
        "real_time": "03:00:00", 
        "opinion": "", 
        "type": 1, 
        "end_time": "23:00:00"
    }
},
{
    "pk": 31, 
    "model": "document.mentoringreport", 
    "fields": {
        "content": "Mac mini\uac00 \ud558\uc9c0\uc54a\ub294 \uc77c\uc774\uc57c\ub9d0\ub85c \uac00\uc7a5 \ud070 \uc131\uacfc\uc77c \uc218\ub3c4 \uc788\uc2b5\ub2c8\ub2e4.", 
        "is_cooperation": false, 
        "mentees": [
            16, 
            21
        ], 
        "title": "\uc5d0\ub108\uc9c0 \ud6a8\uc728\uc774 \uac00\uc7a5 \ub6f0\uc5b4\ub09c \ub370\uc2a4\ud06c\ud1b1 \ucef4\ud4e8\ud130", 
        "issue": "", 
        "start_time": "20:00:00", 
        "schedule": "", 
        "sign_users": [
            16, 
            21, 
            47
        ], 
        "project": 6, 
        "place": "\uc18c\ub9c8\uc13c\ud130 7\uce35", 
        "mentor": 47, 
        "accept_time": "03:00:00", 
        "date": "2013-11-19", 
        "real_time": "03:00:00", 
        "opinion": "", 
        "type": 1, 
        "end_time": "23:00:00"
    }
},
{
    "pk": 32, 
    "model": "document.mentoringreport", 
    "fields": {
        "content": "OS X\ub294 \ubaa8\ub4e0 Mac\uc5d0\uc11c \uad6c\ub3d9\ub418\ub294 OS\uc785\ub2c8\ub2e4.", 
        "is_cooperation": false, 
        "mentees": [
            16, 
            21
        ], 
        "title": "OS X, Mac\uc744 \ub354\uc6b1 Mac\ub2f5\uac8c.", 
        "issue": "", 
        "start_time": "16:00:00", 
        "schedule": "", 
        "sign_users": [
            16, 
            21, 
            47
        ], 
        "project": 6, 
        "place": "\uc18c\ub9c8\uc13c\ud130 2\uce35", 
        "mentor": 47, 
        "accept_time": "02:00:00", 
        "date": "2013-11-20", 
        "real_time": "02:00:00", 
        "opinion": "", 
        "type": 1, 
        "end_time": "18:00:00"
    }
},
{
    "pk": 33, 
    "model": "document.mentoringreport", 
    "fields": {
        "content": "OS X\ub294 mac\uc758 \uc7a5\uc810\uc744 \ubaa8\ub450 \ud65c\uc6a9\ud560 \uc218 \uc788\ub3c4\ub85d \uc124\uacc4\ub418\uc5c8\uae30 \ub54c\ubb38\uc5d0, \ub2f9\uc2e0\uc758 Mac\uc744 \ubaa8\ub4e0 \uac83\uc774 \ud568\uaed8 \uc6d0\ud65c\ud788 \ub3cc\uc544\uac00\ub294 \uc644\uc804 \ud1b5\ud569\ud615 \uc2dc\uc2a4\ud15c\uc73c\ub85c \ub9cc\ub4e4\uc5b4\uc90d\ub2c8\ub2e4.", 
        "is_cooperation": false, 
        "mentees": [
            16
        ], 
        "title": "\uc18c\ud504\ud2b8\uc6e8\uc5b4\uc640 \ud558\ub4dc\uc6e8\uc5b4\uc758 \uc644\ubcbd\ud55c \uc870\ud654", 
        "issue": "", 
        "start_time": "19:00:00", 
        "schedule": "", 
        "sign_users": [
            16, 
            47
        ], 
        "project": 6, 
        "place": "\uc18c\ub9c8\uc13c\ud130 2\uce35", 
        "mentor": 47, 
        "accept_time": "02:00:00", 
        "date": "2013-11-03", 
        "real_time": "02:00:00", 
        "opinion": "", 
        "type": 1, 
        "end_time": "21:00:00"
    }
},
{
    "pk": 34, 
    "model": "document.mentoringreport", 
    "fields": {
        "content": "OS X\uc740 \uace0\uc131\ub2a5 MacBook Pro\uc758 \uace0\ud574\uc0c1\ub3c4 Retina\ub514\uc2a4\ud50c\ub808\uc774\uc5d0\ub3c4 \ucd5c\uc801\ud654\ub418\uc5b4 \uc788\ub2f5\ub2c8\ub2e4.", 
        "is_cooperation": false, 
        "mentees": [
            16, 
            21
        ], 
        "title": "Power Nap\uac19\uc740 \uae30\uc220\ub4e4\uc740 Mac\uc758 \uc774\ub7f0 \uac15\ub825\ud55c \uc131\ub2a5\uc774 \uc788\uae30\uc5d0 \uac00\ub2a5\ud588\uc2b5\ub2c8\ub2e4.", 
        "issue": "", 
        "start_time": "18:00:00", 
        "schedule": "", 
        "sign_users": [
            16, 
            21, 
            47
        ], 
        "project": 6, 
        "place": "\uc18c\ub9c8\uc13c\ud130 2\uce35", 
        "mentor": 47, 
        "accept_time": "01:00:00", 
        "date": "2013-11-06", 
        "real_time": "01:00:00", 
        "opinion": "", 
        "type": 1, 
        "end_time": "19:00:00"
    }
},
{
    "pk": 35, 
    "model": "document.mentoringreport", 
    "fields": {
        "content": "Mac\uc744 \ucf1c\uc790\ub9c8\uc790 \ubcf4\uac8c \ub418\ub294 \ub370\uc2a4\ud06c\ud0d1", 
        "is_cooperation": false, 
        "mentees": [
            21
        ], 
        "title": "\uc27d\uac8c \ubc30\uc6b8 \uc218 \uc788\uace0, \uc27d\uac8c \uc4f8 \uc218 \uc788\uace0, \uc27d\uac8c \ub9d8\uc5d0 \ub4ed\ub2c8\ub2e4", 
        "issue": "", 
        "start_time": "17:00:00", 
        "schedule": "", 
        "sign_users": [
            21, 
            47
        ], 
        "project": 6, 
        "place": "\uc18c\ub9c8\uc13c\ud130 2\uce35", 
        "mentor": 47, 
        "accept_time": "02:00:00", 
        "date": "2013-11-15", 
        "real_time": "02:00:00", 
        "opinion": "", 
        "type": 1, 
        "end_time": "19:00:00"
    }
},
{
    "pk": 36, 
    "model": "document.mentoringreport", 
    "fields": {
        "content": "\ud478\uc26c\uac00 \uac00\uc57c\ud569\ub2c8\ub2e4!", 
        "is_cooperation": false, 
        "mentees": [
            16, 
            21
        ], 
        "title": "\uc798 \ub418\ub294\uc9c0 \ud14c\uc2a4\ud2b8", 
        "issue": "", 
        "start_time": "20:00:00", 
        "schedule": "", 
        "sign_users": [
            16, 
            21, 
            47
        ], 
        "project": 6, 
        "place": "\uc18c\ub9c8\uc13c\ud130 7\uce35", 
        "mentor": 47, 
        "accept_time": "01:00:00", 
        "date": "2013-11-19", 
        "real_time": "01:00:00", 
        "opinion": "", 
        "type": 1, 
        "end_time": "21:00:00"
    }
},
{
    "pk": 1, 
    "model": "document.sign", 
    "fields": {
        "created": "2013-11-22T01:51:12.412", 
        "photo": "sign_photo/photo_10.jpg", 
        "image": "sign/sign_kimhanul_1.png", 
        "wifi": "(u'NearWifi : Galmate, F8:97:CF:00:0F:0F, \\uac15\\ub3c4 : -85', u'NearWifi : Galmate, F8:97:CF:00:0F:0F, \\uac15\\ub3c4 : -85')", 
        "user": 13, 
        "document": 1, 
        "location": "\uc704\ub3c4, \uacbd\ub3c4 : (37.503224, 127.0450749), \uc8fc\uc18c : \ub300\ud55c\ubbfc\uad6d \uc11c\uc6b8\ud2b9\ubcc4\uc2dc \uac15\ub0a8\uad6c \uc5ed\uc0bc1\ub3d9 802-44 "
    }
},
{
    "pk": 2, 
    "model": "document.sign", 
    "fields": {
        "created": "2013-11-22T01:51:13.030", 
        "photo": "sign_photo/photo_11.jpg", 
        "image": "sign/sign_hansuhun_1.png", 
        "wifi": "(u'NearWifi : iptime, 00:26:66:7B:7E:40, \\uac15\\ub3c4 : -78', u'NearWifi : iptime, 00:26:66:7B:7E:40, \\uac15\\ub3c4 : -78')", 
        "user": 12, 
        "document": 1, 
        "location": "\uc704\ub3c4, \uacbd\ub3c4 : (37.5031211, 127.0450555), \uc8fc\uc18c : \ub300\ud55c\ubbfc\uad6d \uc11c\uc6b8\ud2b9\ubcc4\uc2dc \uac15\ub0a8\uad6c \uc5ed\uc0bc2\ub3d9 707-2 "
    }
},
{
    "pk": 3, 
    "model": "document.sign", 
    "fields": {
        "created": "2013-11-22T01:51:14.204", 
        "photo": "sign_photo/photo_12.jpg", 
        "image": "sign/sign_leehanyeong_1.png", 
        "wifi": "(u'NearWifi : FREE_U+zone, 00:40:5A:92:16:CB, \\uac15\\ub3c4 : -87', u'NearWifi : FREE_U+zone, 00:40:5A:92:16:CB, \\uac15\\ub3c4 : -87')", 
        "user": 2, 
        "document": 1, 
        "location": "\uc704\ub3c4, \uacbd\ub3c4 : (37.5031611, 127.0450624), \uc8fc\uc18c : \ub300\ud55c\ubbfc\uad6d \uc11c\uc6b8\ud2b9\ubcc4\uc2dc \uac15\ub0a8\uad6c \uc5ed\uc0bc1\ub3d9 802-44 "
    }
},
{
    "pk": 4, 
    "model": "document.sign", 
    "fields": {
        "created": "2013-11-22T01:51:54.609", 
        "photo": "sign_photo/photo_13.jpg", 
        "image": "sign/sign_leehanyeong_10_3.png", 
        "wifi": "(u'NearWifi : ollehWiFi , 02:30:0D:59:2C:EA, \\uac15\\ub3c4 : -76', u'NearWifi : ollehWiFi , 02:30:0D:59:2C:EA, \\uac15\\ub3c4 : -76')", 
        "user": 2, 
        "document": 10, 
        "location": "\uc704\ub3c4, \uacbd\ub3c4 : (37.5036285, 127.0450836), \uc8fc\uc18c : \ub300\ud55c\ubbfc\uad6d \uc11c\uc6b8\ud2b9\ubcc4\uc2dc \uac15\ub0a8\uad6c \ud14c\ud5e4\ub780\ub85c 313 "
    }
},
{
    "pk": 5, 
    "model": "document.sign", 
    "fields": {
        "created": "2013-11-22T01:51:54.799", 
        "photo": "sign_photo/photo_14.jpg", 
        "image": "sign/sign_hansuhun_10.png", 
        "wifi": "(u'NearWifi : HSB\\uc758 iMac, EC:35:86:49:B5:C4, \\uac15\\ub3c4 : -87', u'NearWifi : HSB\\uc758 iMac, EC:35:86:49:B5:C4, \\uac15\\ub3c4 : -87')", 
        "user": 12, 
        "document": 10, 
        "location": "\uc704\ub3c4, \uacbd\ub3c4 : (37.5031407, 127.0450686), \uc8fc\uc18c : \ub300\ud55c\ubbfc\uad6d \uc11c\uc6b8\ud2b9\ubcc4\uc2dc \uac15\ub0a8\uad6c \uc5ed\uc0bc2\ub3d9 707-2 "
    }
},
{
    "pk": 6, 
    "model": "document.sign", 
    "fields": {
        "created": "2013-11-22T01:51:55.691", 
        "photo": "sign_photo/photo_15.jpg", 
        "image": "sign/sign_kimhanul_10.png", 
        "wifi": "(u'NearWifi : teenup, 06:30:0D:4C:AF:92, \\uac15\\ub3c4 : -76', u'NearWifi : teenup, 06:30:0D:4C:AF:92, \\uac15\\ub3c4 : -76')", 
        "user": 13, 
        "document": 10, 
        "location": "\uc704\ub3c4, \uacbd\ub3c4 : (37.5032395, 127.045083), \uc8fc\uc18c : \ub300\ud55c\ubbfc\uad6d \uc11c\uc6b8\ud2b9\ubcc4\uc2dc \uac15\ub0a8\uad6c \uc5ed\uc0bc1\ub3d9 802-44 "
    }
},
{
    "pk": 7, 
    "model": "document.sign", 
    "fields": {
        "created": "2013-11-22T01:59:30.173", 
        "photo": "sign_photo/photo_16.jpg", 
        "image": "sign/sign_darjeeling_10.png", 
        "wifi": "(u'NearWifi : forrester, 64:E5:99:08:59:A8, \\uac15\\ub3c4 : -81', u'NearWifi : forrester, 64:E5:99:08:59:A8, \\uac15\\ub3c4 : -81')", 
        "user": 8, 
        "document": 10, 
        "location": "\uc704\ub3c4, \uacbd\ub3c4 : (37.5032376, 127.0450952), \uc8fc\uc18c : \ub300\ud55c\ubbfc\uad6d \uc11c\uc6b8\ud2b9\ubcc4\uc2dc \uac15\ub0a8\uad6c \uc5ed\uc0bc1\ub3d9 802-44 "
    }
},
{
    "pk": 8, 
    "model": "document.sign", 
    "fields": {
        "created": "2013-11-22T02:00:37.556", 
        "photo": "sign_photo/photo_17.jpg", 
        "image": "sign/sign_darjeeling_1.png", 
        "wifi": "(u'NearWifi : Seoul WiFi, 22:0E:47:00:20:4F, \\uac15\\ub3c4 : -79', u'NearWifi : Seoul WiFi, 22:0E:47:00:20:4F, \\uac15\\ub3c4 : -79')", 
        "user": 8, 
        "document": 1, 
        "location": "\uc704\ub3c4, \uacbd\ub3c4 : (37.5032153, 127.0450813), \uc8fc\uc18c : \ub300\ud55c\ubbfc\uad6d \uc11c\uc6b8\ud2b9\ubcc4\uc2dc \uac15\ub0a8\uad6c \uc5ed\uc0bc1\ub3d9 802-44 "
    }
},
{
    "pk": 9, 
    "model": "document.sign", 
    "fields": {
        "created": "2013-11-22T02:12:15.542", 
        "photo": "sign_photo/photo_18.jpg", 
        "image": "sign/sign_leehanyeong_2.png", 
        "wifi": "(u'NearWifi : iptime, 00:08:9F:18:F1:AE, \\uac15\\ub3c4 : -79', u'NearWifi : iptime, 00:08:9F:18:F1:AE, \\uac15\\ub3c4 : -79')", 
        "user": 2, 
        "document": 2, 
        "location": "\uc704\ub3c4, \uacbd\ub3c4 : (37.5031321, 127.0450425), \uc8fc\uc18c : \ub300\ud55c\ubbfc\uad6d \uc11c\uc6b8\ud2b9\ubcc4\uc2dc \uac15\ub0a8\uad6c \uc5ed\uc0bc2\ub3d9 707-2 "
    }
},
{
    "pk": 10, 
    "model": "document.sign", 
    "fields": {
        "created": "2013-11-22T02:12:46.798", 
        "photo": "sign_photo/photo_19.jpg", 
        "image": "sign/sign_hansuhun_2.png", 
        "wifi": "(u'NearWifi : HP-Print-BC-Officejet Pro 8600, D8:9D:67:EB:71:BC, \\uac15\\ub3c4 : -84', u'NearWifi : HP-Print-BC-Officejet Pro 8600, D8:9D:67:EB:71:BC, \\uac15\\ub3c4 : -84')", 
        "user": 12, 
        "document": 2, 
        "location": "\uc704\ub3c4, \uacbd\ub3c4 : (37.5031221, 127.04502), \uc8fc\uc18c : \ub300\ud55c\ubbfc\uad6d \uc11c\uc6b8\ud2b9\ubcc4\uc2dc \uac15\ub0a8\uad6c \uc5ed\uc0bc2\ub3d9 707-2 "
    }
},
{
    "pk": 11, 
    "model": "document.sign", 
    "fields": {
        "created": "2013-11-22T02:12:47.235", 
        "photo": "sign_photo/photo_20.jpg", 
        "image": "sign/sign_darjeeling_2.png", 
        "wifi": "(u'NearWifi : portthru, 02:E0:86:68:4B:33, \\uac15\\ub3c4 : -81', u'NearWifi : portthru, 02:E0:86:68:4B:33, \\uac15\\ub3c4 : -81')", 
        "user": 8, 
        "document": 2, 
        "location": "\uc704\ub3c4, \uacbd\ub3c4 : (37.5031749, 127.0450942), \uc8fc\uc18c : \ub300\ud55c\ubbfc\uad6d \uc11c\uc6b8\ud2b9\ubcc4\uc2dc \uac15\ub0a8\uad6c \uc5ed\uc0bc1\ub3d9 802-44 "
    }
},
{
    "pk": 12, 
    "model": "document.sign", 
    "fields": {
        "created": "2013-11-22T02:15:28.481", 
        "photo": "sign_photo/photo_21.jpg", 
        "image": "sign/sign_darjeeling_3.png", 
        "wifi": "(u'NearWifi : portthru, 02:E0:86:68:4B:33, \\uac15\\ub3c4 : -78', u'NearWifi : portthru, 02:E0:86:68:4B:33, \\uac15\\ub3c4 : -78')", 
        "user": 8, 
        "document": 3, 
        "location": "\uc704\ub3c4, \uacbd\ub3c4 : (37.5031788, 127.0450771), \uc8fc\uc18c : \ub300\ud55c\ubbfc\uad6d \uc11c\uc6b8\ud2b9\ubcc4\uc2dc \uac15\ub0a8\uad6c \uc5ed\uc0bc1\ub3d9 802-44 "
    }
},
{
    "pk": 13, 
    "model": "document.sign", 
    "fields": {
        "created": "2013-11-22T02:17:20.597", 
        "photo": "sign_photo/photo_22.jpg", 
        "image": "sign/sign_leehanyeong_3.png", 
        "wifi": "(u'NearWifi : Samsung, C8:3A:35:4B:41:10, \\uac15\\ub3c4 : -77', u'NearWifi : Samsung, C8:3A:35:4B:41:10, \\uac15\\ub3c4 : -77')", 
        "user": 2, 
        "document": 3, 
        "location": "\uc704\ub3c4, \uacbd\ub3c4 : (37.5031388, 127.0450317), \uc8fc\uc18c : \ub300\ud55c\ubbfc\uad6d \uc11c\uc6b8\ud2b9\ubcc4\uc2dc \uac15\ub0a8\uad6c \uc5ed\uc0bc1\ub3d9 802-44 "
    }
},
{
    "pk": 14, 
    "model": "document.sign", 
    "fields": {
        "created": "2013-11-22T02:20:38.973", 
        "photo": "sign_photo/photo_23.jpg", 
        "image": "sign/sign_darjeeling_8.png", 
        "wifi": "(u'NearWifi : ollehWiFi , 02:30:0D:5C:15:E4, \\uac15\\ub3c4 : -78', u'NearWifi : ollehWiFi , 02:30:0D:5C:15:E4, \\uac15\\ub3c4 : -78')", 
        "user": 8, 
        "document": 8, 
        "location": "\uc704\ub3c4, \uacbd\ub3c4 : (37.5032036, 127.0450906), \uc8fc\uc18c : \ub300\ud55c\ubbfc\uad6d \uc11c\uc6b8\ud2b9\ubcc4\uc2dc \uac15\ub0a8\uad6c \uc5ed\uc0bc\ub3d9 802-44 "
    }
},
{
    "pk": 15, 
    "model": "document.sign", 
    "fields": {
        "created": "2013-11-22T02:20:43.839", 
        "photo": "sign_photo/photo_24.jpg", 
        "image": "sign/sign_leehanyeong_8.png", 
        "wifi": "(u'NearWifi : anam914, 00:08:9F:94:BC:A7, \\uac15\\ub3c4 : -86', u'NearWifi : anam914, 00:08:9F:94:BC:A7, \\uac15\\ub3c4 : -86')", 
        "user": 2, 
        "document": 8, 
        "location": "\uc704\ub3c4, \uacbd\ub3c4 : (37.5031415, 127.045049), \uc8fc\uc18c : \ub300\ud55c\ubbfc\uad6d \uc11c\uc6b8\ud2b9\ubcc4\uc2dc \uac15\ub0a8\uad6c \uc5ed\uc0bc1\ub3d9 802-44 "
    }
},
{
    "pk": 16, 
    "model": "document.sign", 
    "fields": {
        "created": "2013-11-22T02:23:44.286", 
        "photo": "sign_photo/photo_25.jpg", 
        "image": "sign/sign_darjeeling_4.png", 
        "wifi": "(u'NearWifi : Gangnam WiFi, 32:0E:47:00:23:67, \\uac15\\ub3c4 : -97', u'NearWifi : Gangnam WiFi, 32:0E:47:00:23:67, \\uac15\\ub3c4 : -97')", 
        "user": 8, 
        "document": 4, 
        "location": "\uc704\ub3c4, \uacbd\ub3c4 : (37.5032217, 127.0450786), \uc8fc\uc18c : \ub300\ud55c\ubbfc\uad6d \uc11c\uc6b8\ud2b9\ubcc4\uc2dc \uac15\ub0a8\uad6c \uc5ed\uc0bc1\ub3d9 802-44 "
    }
},
{
    "pk": 17, 
    "model": "document.sign", 
    "fields": {
        "created": "2013-11-22T02:23:44.644", 
        "photo": "sign_photo/photo_26.jpg", 
        "image": "sign/sign_leehanyeong_4_1.png", 
        "wifi": "(u'NearWifi : iptime, 00:26:66:FB:3F:CC, \\uac15\\ub3c4 : -84', u'NearWifi : iptime, 00:26:66:FB:3F:CC, \\uac15\\ub3c4 : -84')", 
        "user": 2, 
        "document": 4, 
        "location": "\uc704\ub3c4, \uacbd\ub3c4 : (37.5031496, 127.0450659), \uc8fc\uc18c : \ub300\ud55c\ubbfc\uad6d \uc11c\uc6b8\ud2b9\ubcc4\uc2dc \uac15\ub0a8\uad6c \uc5ed\uc0bc1\ub3d9 802-44 "
    }
},
{
    "pk": 18, 
    "model": "document.sign", 
    "fields": {
        "created": "2013-11-22T02:23:48.240", 
        "photo": "sign_photo/photo_27.jpg", 
        "image": "sign/sign_hansuhun_4.png", 
        "wifi": "(u'NearWifi : FREE_U+zone, 00:40:5A:C0:44:9B, \\uac15\\ub3c4 : -80', u'NearWifi : FREE_U+zone, 00:40:5A:C0:44:9B, \\uac15\\ub3c4 : -80')", 
        "user": 12, 
        "document": 4, 
        "location": "\uc704\ub3c4, \uacbd\ub3c4 : (37.5031523, 127.0450644), \uc8fc\uc18c : \ub300\ud55c\ubbfc\uad6d \uc11c\uc6b8\ud2b9\ubcc4\uc2dc \uac15\ub0a8\uad6c \uc5ed\uc0bc1\ub3d9 802-44 "
    }
},
{
    "pk": 19, 
    "model": "document.sign", 
    "fields": {
        "created": "2013-11-22T02:23:51.228", 
        "photo": "sign_photo/photo_28.jpg", 
        "image": "sign/sign_leehanyeong_5.png", 
        "wifi": "(u'NearWifi : SMC, 00:22:2D:B1:E7:CF, \\uac15\\ub3c4 : -88', u'NearWifi : SMC, 00:22:2D:B1:E7:CF, \\uac15\\ub3c4 : -88')", 
        "user": 2, 
        "document": 5, 
        "location": "\uc704\ub3c4, \uacbd\ub3c4 : (37.5031713, 127.0450595), \uc8fc\uc18c : \ub300\ud55c\ubbfc\uad6d \uc11c\uc6b8\ud2b9\ubcc4\uc2dc \uac15\ub0a8\uad6c \uc5ed\uc0bc1\ub3d9 802-44 "
    }
},
{
    "pk": 20, 
    "model": "document.sign", 
    "fields": {
        "created": "2013-11-22T02:23:51.976", 
        "photo": "sign_photo/photo_29.jpg", 
        "image": "sign/sign_darjeeling_5.png", 
        "wifi": "(u'NearWifi : Gangnam WiFi, 32:0E:47:00:23:67, \\uac15\\ub3c4 : -97', u'NearWifi : Gangnam WiFi, 32:0E:47:00:23:67, \\uac15\\ub3c4 : -97')", 
        "user": 8, 
        "document": 5, 
        "location": "\uc704\ub3c4, \uacbd\ub3c4 : (37.5032217, 127.0450786), \uc8fc\uc18c : \ub300\ud55c\ubbfc\uad6d \uc11c\uc6b8\ud2b9\ubcc4\uc2dc \uac15\ub0a8\uad6c \uc5ed\uc0bc1\ub3d9 802-44 "
    }
},
{
    "pk": 21, 
    "model": "document.sign", 
    "fields": {
        "created": "2013-11-22T02:23:56.778", 
        "photo": "sign_photo/photo_30.jpg", 
        "image": "sign/sign_leehanyeong_7.png", 
        "wifi": "(u'NearWifi : SMC, 00:22:2D:B1:E7:CF, \\uac15\\ub3c4 : -88', u'NearWifi : SMC, 00:22:2D:B1:E7:CF, \\uac15\\ub3c4 : -88')", 
        "user": 2, 
        "document": 7, 
        "location": "\uc704\ub3c4, \uacbd\ub3c4 : (37.5031713, 127.0450595), \uc8fc\uc18c : \ub300\ud55c\ubbfc\uad6d \uc11c\uc6b8\ud2b9\ubcc4\uc2dc \uac15\ub0a8\uad6c \uc5ed\uc0bc1\ub3d9 802-44 "
    }
},
{
    "pk": 22, 
    "model": "document.sign", 
    "fields": {
        "created": "2013-11-22T02:23:57.347", 
        "photo": "sign_photo/photo_31.jpg", 
        "image": "sign/sign_hansuhun_5.png", 
        "wifi": "(u'NearWifi : FREE_U+zone, 00:40:5A:C0:44:9B, \\uac15\\ub3c4 : -80', u'NearWifi : FREE_U+zone, 00:40:5A:C0:44:9B, \\uac15\\ub3c4 : -80')", 
        "user": 12, 
        "document": 5, 
        "location": "\uc704\ub3c4, \uacbd\ub3c4 : (37.5031523, 127.0450644), \uc8fc\uc18c : \ub300\ud55c\ubbfc\uad6d \uc11c\uc6b8\ud2b9\ubcc4\uc2dc \uac15\ub0a8\uad6c \uc5ed\uc0bc1\ub3d9 802-44 "
    }
},
{
    "pk": 23, 
    "model": "document.sign", 
    "fields": {
        "created": "2013-11-22T02:24:01.031", 
        "photo": "sign_photo/photo_32.jpg", 
        "image": "sign/sign_darjeeling_6.png", 
        "wifi": "(u'NearWifi : Gangnam WiFi, 32:0E:47:00:23:67, \\uac15\\ub3c4 : -97', u'NearWifi : Gangnam WiFi, 32:0E:47:00:23:67, \\uac15\\ub3c4 : -97')", 
        "user": 8, 
        "document": 6, 
        "location": "\uc704\ub3c4, \uacbd\ub3c4 : (37.5032044, 127.0450619), \uc8fc\uc18c : \ub300\ud55c\ubbfc\uad6d \uc11c\uc6b8\ud2b9\ubcc4\uc2dc \uac15\ub0a8\uad6c \uc5ed\uc0bc1\ub3d9 802-44 "
    }
},
{
    "pk": 24, 
    "model": "document.sign", 
    "fields": {
        "created": "2013-11-22T02:24:03.659", 
        "photo": "sign_photo/photo_33.jpg", 
        "image": "sign/sign_leehanyeong_9_3.png", 
        "wifi": "(u'NearWifi : SMC, 00:22:2D:B1:E7:CF, \\uac15\\ub3c4 : -88', u'NearWifi : SMC, 00:22:2D:B1:E7:CF, \\uac15\\ub3c4 : -88')", 
        "user": 2, 
        "document": 9, 
        "location": "\uc704\ub3c4, \uacbd\ub3c4 : (37.5031713, 127.0450595), \uc8fc\uc18c : \ub300\ud55c\ubbfc\uad6d \uc11c\uc6b8\ud2b9\ubcc4\uc2dc \uac15\ub0a8\uad6c \uc5ed\uc0bc1\ub3d9 802-44 "
    }
},
{
    "pk": 25, 
    "model": "document.sign", 
    "fields": {
        "created": "2013-11-22T02:24:09.760", 
        "photo": "sign_photo/photo_34.jpg", 
        "image": "sign/sign_darjeeling_7.png", 
        "wifi": "(u'NearWifi : Gangnam WiFi, 32:0E:47:00:23:67, \\uac15\\ub3c4 : -97', u'NearWifi : Gangnam WiFi, 32:0E:47:00:23:67, \\uac15\\ub3c4 : -97')", 
        "user": 8, 
        "document": 7, 
        "location": "\uc704\ub3c4, \uacbd\ub3c4 : (37.5032044, 127.0450619), \uc8fc\uc18c : \ub300\ud55c\ubbfc\uad6d \uc11c\uc6b8\ud2b9\ubcc4\uc2dc \uac15\ub0a8\uad6c \uc5ed\uc0bc1\ub3d9 802-44 "
    }
},
{
    "pk": 26, 
    "model": "document.sign", 
    "fields": {
        "created": "2013-11-22T02:24:09.969", 
        "photo": "sign_photo/photo_35.jpg", 
        "image": "sign/sign_leehanyeong_6.png", 
        "wifi": "(u'NearWifi : SMC, 00:22:2D:B1:E7:CF, \\uac15\\ub3c4 : -88', u'NearWifi : SMC, 00:22:2D:B1:E7:CF, \\uac15\\ub3c4 : -88')", 
        "user": 2, 
        "document": 6, 
        "location": "\uc704\ub3c4, \uacbd\ub3c4 : (37.5031713, 127.0450595), \uc8fc\uc18c : \ub300\ud55c\ubbfc\uad6d \uc11c\uc6b8\ud2b9\ubcc4\uc2dc \uac15\ub0a8\uad6c \uc5ed\uc0bc1\ub3d9 802-44 "
    }
},
{
    "pk": 27, 
    "model": "document.sign", 
    "fields": {
        "created": "2013-11-22T02:24:10.665", 
        "photo": "sign_photo/photo_36.jpg", 
        "image": "sign/sign_hansuhun_6.png", 
        "wifi": "(u'NearWifi : iptime, 00:08:9F:18:F1:AE, \\uac15\\ub3c4 : -87', u'NearWifi : iptime, 00:08:9F:18:F1:AE, \\uac15\\ub3c4 : -87')", 
        "user": 12, 
        "document": 6, 
        "location": "\uc704\ub3c4, \uacbd\ub3c4 : (37.5030897, 127.0450838), \uc8fc\uc18c : \ub300\ud55c\ubbfc\uad6d \uc11c\uc6b8\ud2b9\ubcc4\uc2dc \uac15\ub0a8\uad6c \uc5ed\uc0bc2\ub3d9 707-2 "
    }
},
{
    "pk": 28, 
    "model": "document.sign", 
    "fields": {
        "created": "2013-11-22T02:24:20.730", 
        "photo": "sign_photo/photo_37.jpg", 
        "image": "sign/sign_hansuhun_7.png", 
        "wifi": "(u'NearWifi : FREE_U+zone, 00:40:5A:C0:44:9B, \\uac15\\ub3c4 : -91', u'NearWifi : FREE_U+zone, 00:40:5A:C0:44:9B, \\uac15\\ub3c4 : -91')", 
        "user": 12, 
        "document": 7, 
        "location": "\uc704\ub3c4, \uacbd\ub3c4 : (37.5031468, 127.0450349), \uc8fc\uc18c : \ub300\ud55c\ubbfc\uad6d \uc11c\uc6b8\ud2b9\ubcc4\uc2dc \uac15\ub0a8\uad6c \uc5ed\uc0bc1\ub3d9 802-44 "
    }
},
{
    "pk": 29, 
    "model": "document.sign", 
    "fields": {
        "created": "2013-11-22T02:24:21.193", 
        "photo": "sign_photo/photo_38.jpg", 
        "image": "sign/sign_darjeeling_9.png", 
        "wifi": "(u'NearWifi : GMIGuest, 00:24:A8:96:88:F1, \\uac15\\ub3c4 : -85', u'NearWifi : GMIGuest, 00:24:A8:96:88:F1, \\uac15\\ub3c4 : -85')", 
        "user": 8, 
        "document": 9, 
        "location": "\uc704\ub3c4, \uacbd\ub3c4 : (37.5032044, 127.0450619), \uc8fc\uc18c : \ub300\ud55c\ubbfc\uad6d \uc11c\uc6b8\ud2b9\ubcc4\uc2dc \uac15\ub0a8\uad6c \uc5ed\uc0bc1\ub3d9 802-44 "
    }
},
{
    "pk": 30, 
    "model": "document.sign", 
    "fields": {
        "created": "2013-11-22T02:24:32.238", 
        "photo": "sign_photo/photo_39.jpg", 
        "image": "sign/sign_hansuhun_9.png", 
        "wifi": "(u'NearWifi : FREE_U+zone, 00:40:5A:C0:44:9B, \\uac15\\ub3c4 : -91', u'NearWifi : FREE_U+zone, 00:40:5A:C0:44:9B, \\uac15\\ub3c4 : -91')", 
        "user": 12, 
        "document": 9, 
        "location": "\uc704\ub3c4, \uacbd\ub3c4 : (37.5031468, 127.0450349), \uc8fc\uc18c : \ub300\ud55c\ubbfc\uad6d \uc11c\uc6b8\ud2b9\ubcc4\uc2dc \uac15\ub0a8\uad6c \uc5ed\uc0bc1\ub3d9 802-44 "
    }
},
{
    "pk": 31, 
    "model": "document.sign", 
    "fields": {
        "created": "2013-11-22T02:34:07.901", 
        "photo": "sign_photo/photo_40.jpg", 
        "image": "sign/sign_byeondongsam_20.png", 
        "wifi": "(u'NearWifi : iptime, 64:E5:99:17:5C:52, \\uac15\\ub3c4 : -82', u'NearWifi : iptime, 64:E5:99:17:5C:52, \\uac15\\ub3c4 : -82')", 
        "user": 35, 
        "document": 20, 
        "location": "\uc704\ub3c4, \uacbd\ub3c4 : (37.5032339, 127.0450747), \uc8fc\uc18c : \ub300\ud55c\ubbfc\uad6d \uc11c\uc6b8\ud2b9\ubcc4\uc2dc \uac15\ub0a8\uad6c \uc5ed\uc0bc1\ub3d9 802-44 "
    }
},
{
    "pk": 32, 
    "model": "document.sign", 
    "fields": {
        "created": "2013-11-22T02:34:07.993", 
        "photo": "sign_photo/photo_41.jpg", 
        "image": "sign/sign_kimhanjun_20.png", 
        "wifi": "(u'NearWifi : HSB\\uc758 iMac, EC:35:86:49:B5:C4, \\uac15\\ub3c4 : -88', u'NearWifi : HSB\\uc758 iMac, EC:35:86:49:B5:C4, \\uac15\\ub3c4 : -88')", 
        "user": 34, 
        "document": 20, 
        "location": "\uc704\ub3c4, \uacbd\ub3c4 : (37.5031627, 127.0450658), \uc8fc\uc18c : \ub300\ud55c\ubbfc\uad6d \uc11c\uc6b8\ud2b9\ubcc4\uc2dc \uac15\ub0a8\uad6c \uc5ed\uc0bc1\ub3d9 802-44 "
    }
},
{
    "pk": 33, 
    "model": "document.sign", 
    "fields": {
        "created": "2013-11-22T02:34:08.900", 
        "photo": "sign_photo/photo_42.jpg", 
        "image": "sign/sign_joojiyeon_20.png", 
        "wifi": "(u'NearWifi : KT_WLAN_17BF, F4:D9:FB:1E:F2:4D, \\uac15\\ub3c4 : -83', u'NearWifi : KT_WLAN_17BF, F4:D9:FB:1E:F2:4D, \\uac15\\ub3c4 : -83')", 
        "user": 36, 
        "document": 20, 
        "location": "\uc704\ub3c4, \uacbd\ub3c4 : (37.5031374, 127.0450549), \uc8fc\uc18c : \ub300\ud55c\ubbfc\uad6d \uc11c\uc6b8\ud2b9\ubcc4\uc2dc \uac15\ub0a8\uad6c \uc5ed\uc0bc2\ub3d9 707-2 "
    }
},
{
    "pk": 34, 
    "model": "document.sign", 
    "fields": {
        "created": "2013-11-22T02:34:14.220", 
        "photo": "sign_photo/photo_43.jpg", 
        "image": "sign/sign_byeondongsam_21.png", 
        "wifi": "(u'NearWifi : iptime, 64:E5:99:17:5C:52, \\uac15\\ub3c4 : -82', u'NearWifi : iptime, 64:E5:99:17:5C:52, \\uac15\\ub3c4 : -82')", 
        "user": 35, 
        "document": 21, 
        "location": "\uc704\ub3c4, \uacbd\ub3c4 : (37.5032339, 127.0450747), \uc8fc\uc18c : \ub300\ud55c\ubbfc\uad6d \uc11c\uc6b8\ud2b9\ubcc4\uc2dc \uac15\ub0a8\uad6c \uc5ed\uc0bc1\ub3d9 802-44 "
    }
},
{
    "pk": 35, 
    "model": "document.sign", 
    "fields": {
        "created": "2013-11-22T02:34:15.006", 
        "photo": "sign_photo/photo_44.jpg", 
        "image": "sign/sign_kimhanjun_21.png", 
        "wifi": "(u'NearWifi : HSB\\uc758 iMac, EC:35:86:49:B5:C4, \\uac15\\ub3c4 : -88', u'NearWifi : HSB\\uc758 iMac, EC:35:86:49:B5:C4, \\uac15\\ub3c4 : -88')", 
        "user": 34, 
        "document": 21, 
        "location": "\uc704\ub3c4, \uacbd\ub3c4 : (37.5031627, 127.0450658), \uc8fc\uc18c : \ub300\ud55c\ubbfc\uad6d \uc11c\uc6b8\ud2b9\ubcc4\uc2dc \uac15\ub0a8\uad6c \uc5ed\uc0bc1\ub3d9 802-44 "
    }
},
{
    "pk": 36, 
    "model": "document.sign", 
    "fields": {
        "created": "2013-11-22T02:34:18.134", 
        "photo": "sign_photo/photo_45.jpg", 
        "image": "sign/sign_joojiyeon_21.png", 
        "wifi": "(u'NearWifi : NESPOT1102, 00:30:0D:24:6F:27, \\uac15\\ub3c4 : -84', u'NearWifi : NESPOT1102, 00:30:0D:24:6F:27, \\uac15\\ub3c4 : -84')", 
        "user": 36, 
        "document": 21, 
        "location": "\uc704\ub3c4, \uacbd\ub3c4 : (37.5036289, 127.0450933), \uc8fc\uc18c : \ub300\ud55c\ubbfc\uad6d \uc11c\uc6b8\ud2b9\ubcc4\uc2dc \uac15\ub0a8\uad6c \ud14c\ud5e4\ub780\ub85c 313 "
    }
},
{
    "pk": 37, 
    "model": "document.sign", 
    "fields": {
        "created": "2013-11-22T02:34:20.005", 
        "photo": "sign_photo/photo_46.jpg", 
        "image": "sign/sign_byeondongsam_22.png", 
        "wifi": "(u'NearWifi : iptime, 64:E5:99:17:5C:52, \\uac15\\ub3c4 : -82', u'NearWifi : iptime, 64:E5:99:17:5C:52, \\uac15\\ub3c4 : -82')", 
        "user": 35, 
        "document": 22, 
        "location": "\uc704\ub3c4, \uacbd\ub3c4 : (37.5032339, 127.0450747), \uc8fc\uc18c : \ub300\ud55c\ubbfc\uad6d \uc11c\uc6b8\ud2b9\ubcc4\uc2dc \uac15\ub0a8\uad6c \uc5ed\uc0bc1\ub3d9 802-44 "
    }
},
{
    "pk": 38, 
    "model": "document.sign", 
    "fields": {
        "created": "2013-11-22T02:34:24.494", 
        "photo": "sign_photo/photo_47.jpg", 
        "image": "sign/sign_joojiyeon_22.png", 
        "wifi": "(u'NearWifi : NESPOT1102, 00:30:0D:24:6F:27, \\uac15\\ub3c4 : -84', u'NearWifi : NESPOT1102, 00:30:0D:24:6F:27, \\uac15\\ub3c4 : -84')", 
        "user": 36, 
        "document": 22, 
        "location": "\uc704\ub3c4, \uacbd\ub3c4 : (37.5036289, 127.0450933), \uc8fc\uc18c : \ub300\ud55c\ubbfc\uad6d \uc11c\uc6b8\ud2b9\ubcc4\uc2dc \uac15\ub0a8\uad6c \ud14c\ud5e4\ub780\ub85c 313 "
    }
},
{
    "pk": 40, 
    "model": "document.sign", 
    "fields": {
        "created": "2013-11-22T02:34:27.700", 
        "photo": "sign_photo/photo_49.jpg", 
        "image": "sign/sign_byeondongsam_23.png", 
        "wifi": "(u'NearWifi : Essew, 64:E5:99:22:6B:D4, \\uac15\\ub3c4 : -87', u'NearWifi : Essew, 64:E5:99:22:6B:D4, \\uac15\\ub3c4 : -87')", 
        "user": 35, 
        "document": 23, 
        "location": "\uc704\ub3c4, \uacbd\ub3c4 : (37.5032339, 127.0450747), \uc8fc\uc18c : \ub300\ud55c\ubbfc\uad6d \uc11c\uc6b8\ud2b9\ubcc4\uc2dc \uac15\ub0a8\uad6c \uc5ed\uc0bc1\ub3d9 802-44 "
    }
},
{
    "pk": 41, 
    "model": "document.sign", 
    "fields": {
        "created": "2013-11-22T02:34:31.459", 
        "photo": "sign_photo/photo_50.jpg", 
        "image": "sign/sign_joojiyeon_24.png", 
        "wifi": "(u'NearWifi : SMC, 00:22:2D:B1:E7:CF, \\uac15\\ub3c4 : -89', u'NearWifi : SMC, 00:22:2D:B1:E7:CF, \\uac15\\ub3c4 : -89')", 
        "user": 36, 
        "document": 24, 
        "location": "\uc704\ub3c4, \uacbd\ub3c4 : (37.5036289, 127.0450933), \uc8fc\uc18c : \ub300\ud55c\ubbfc\uad6d \uc11c\uc6b8\ud2b9\ubcc4\uc2dc \uac15\ub0a8\uad6c \ud14c\ud5e4\ub780\ub85c 313 "
    }
},
{
    "pk": 42, 
    "model": "document.sign", 
    "fields": {
        "created": "2013-11-22T02:34:33.577", 
        "photo": "sign_photo/photo_51.jpg", 
        "image": "sign/sign_byeondongsam_24.png", 
        "wifi": "(u'NearWifi : Essew, 64:E5:99:22:6B:D4, \\uac15\\ub3c4 : -87', u'NearWifi : Essew, 64:E5:99:22:6B:D4, \\uac15\\ub3c4 : -87')", 
        "user": 35, 
        "document": 24, 
        "location": "\uc704\ub3c4, \uacbd\ub3c4 : (37.5032339, 127.0450747), \uc8fc\uc18c : \ub300\ud55c\ubbfc\uad6d \uc11c\uc6b8\ud2b9\ubcc4\uc2dc \uac15\ub0a8\uad6c \uc5ed\uc0bc1\ub3d9 802-44 "
    }
},
{
    "pk": 43, 
    "model": "document.sign", 
    "fields": {
        "created": "2013-11-22T02:34:35.169", 
        "photo": "sign_photo/photo_52.jpg", 
        "image": "sign/sign_kimhanjun_22_1.png", 
        "wifi": "(u'NearWifi : SeungAP, C4:3D:C7:9E:CE:50, \\uac15\\ub3c4 : -89', u'NearWifi : SeungAP, C4:3D:C7:9E:CE:50, \\uac15\\ub3c4 : -89')", 
        "user": 34, 
        "document": 22, 
        "location": "\uc704\ub3c4, \uacbd\ub3c4 : (37.5031742, 127.0450504), \uc8fc\uc18c : \ub300\ud55c\ubbfc\uad6d \uc11c\uc6b8\ud2b9\ubcc4\uc2dc \uac15\ub0a8\uad6c \uc5ed\uc0bc\ub3d9 802-44 "
    }
},
{
    "pk": 44, 
    "model": "document.sign", 
    "fields": {
        "created": "2013-11-22T02:34:38.519", 
        "photo": "sign_photo/photo_53.jpg", 
        "image": "sign/sign_joojiyeon_26.png", 
        "wifi": "(u'NearWifi : SMC, 00:22:2D:B1:E7:CF, \\uac15\\ub3c4 : -89', u'NearWifi : SMC, 00:22:2D:B1:E7:CF, \\uac15\\ub3c4 : -89')", 
        "user": 36, 
        "document": 26, 
        "location": "\uc704\ub3c4, \uacbd\ub3c4 : (37.5036172, 127.0450758), \uc8fc\uc18c : \ub300\ud55c\ubbfc\uad6d \uc11c\uc6b8\ud2b9\ubcc4\uc2dc \uac15\ub0a8\uad6c \ud14c\ud5e4\ub780\ub85c 313 "
    }
},
{
    "pk": 45, 
    "model": "document.sign", 
    "fields": {
        "created": "2013-11-22T02:34:40.439", 
        "photo": "sign_photo/photo_54.jpg", 
        "image": "sign/sign_byeondongsam_28.png", 
        "wifi": "(u'NearWifi : Essew, 64:E5:99:22:6B:D4, \\uac15\\ub3c4 : -87', u'NearWifi : Essew, 64:E5:99:22:6B:D4, \\uac15\\ub3c4 : -87')", 
        "user": 35, 
        "document": 28, 
        "location": "\uc704\ub3c4, \uacbd\ub3c4 : (37.5032128, 127.0450758), \uc8fc\uc18c : \ub300\ud55c\ubbfc\uad6d \uc11c\uc6b8\ud2b9\ubcc4\uc2dc \uac15\ub0a8\uad6c \uc5ed\uc0bc1\ub3d9 802-44 "
    }
},
{
    "pk": 46, 
    "model": "document.sign", 
    "fields": {
        "created": "2013-11-22T02:34:42.111", 
        "photo": "sign_photo/photo_55.jpg", 
        "image": "sign/sign_kimhanjun_23.png", 
        "wifi": "(u'NearWifi : SeungAP, C4:3D:C7:9E:CE:50, \\uac15\\ub3c4 : -89', u'NearWifi : SeungAP, C4:3D:C7:9E:CE:50, \\uac15\\ub3c4 : -89')", 
        "user": 34, 
        "document": 23, 
        "location": "\uc704\ub3c4, \uacbd\ub3c4 : (37.5031742, 127.0450504), \uc8fc\uc18c : \ub300\ud55c\ubbfc\uad6d \uc11c\uc6b8\ud2b9\ubcc4\uc2dc \uac15\ub0a8\uad6c \uc5ed\uc0bc\ub3d9 802-44 "
    }
},
{
    "pk": 47, 
    "model": "document.sign", 
    "fields": {
        "created": "2013-11-22T02:34:44.986", 
        "photo": "sign_photo/photo_56.jpg", 
        "image": "sign/sign_joojiyeon_25.png", 
        "wifi": "(u'NearWifi : SMC, 00:22:2D:B1:E7:CF, \\uac15\\ub3c4 : -89', u'NearWifi : SMC, 00:22:2D:B1:E7:CF, \\uac15\\ub3c4 : -89')", 
        "user": 36, 
        "document": 25, 
        "location": "\uc704\ub3c4, \uacbd\ub3c4 : (37.5036172, 127.0450758), \uc8fc\uc18c : \ub300\ud55c\ubbfc\uad6d \uc11c\uc6b8\ud2b9\ubcc4\uc2dc \uac15\ub0a8\uad6c \ud14c\ud5e4\ub780\ub85c 313 "
    }
},
{
    "pk": 48, 
    "model": "document.sign", 
    "fields": {
        "created": "2013-11-22T02:34:48.760", 
        "photo": "sign_photo/photo_57.jpg", 
        "image": "sign/sign_byeondongsam_26.png", 
        "wifi": "(u'NearWifi : Essew, 64:E5:99:22:6B:D4, \\uac15\\ub3c4 : -87', u'NearWifi : Essew, 64:E5:99:22:6B:D4, \\uac15\\ub3c4 : -87')", 
        "user": 35, 
        "document": 26, 
        "location": "\uc704\ub3c4, \uacbd\ub3c4 : (37.5032128, 127.0450758), \uc8fc\uc18c : \ub300\ud55c\ubbfc\uad6d \uc11c\uc6b8\ud2b9\ubcc4\uc2dc \uac15\ub0a8\uad6c \uc5ed\uc0bc1\ub3d9 802-44 "
    }
},
{
    "pk": 49, 
    "model": "document.sign", 
    "fields": {
        "created": "2013-11-22T02:34:52.080", 
        "photo": "sign_photo/photo_58.jpg", 
        "image": "sign/sign_joojiyeon_27.png", 
        "wifi": "(u'NearWifi : E&Glory, 00:08:9F:8C:BA:73, \\uac15\\ub3c4 : -86', u'NearWifi : E&Glory, 00:08:9F:8C:BA:73, \\uac15\\ub3c4 : -86')", 
        "user": 36, 
        "document": 27, 
        "location": "\uc704\ub3c4, \uacbd\ub3c4 : (37.5036194, 127.045077), \uc8fc\uc18c : \ub300\ud55c\ubbfc\uad6d \uc11c\uc6b8\ud2b9\ubcc4\uc2dc \uac15\ub0a8\uad6c \ud14c\ud5e4\ub780\ub85c 313 "
    }
},
{
    "pk": 50, 
    "model": "document.sign", 
    "fields": {
        "created": "2013-11-22T02:34:52.204", 
        "photo": "sign_photo/photo_59.jpg", 
        "image": "sign/sign_kimhanjun_24.png", 
        "wifi": "(u'NearWifi : ollehWiFi , 02:30:0D:59:2C:EA, \\uac15\\ub3c4 : -74', u'NearWifi : ollehWiFi , 02:30:0D:59:2C:EA, \\uac15\\ub3c4 : -74')", 
        "user": 34, 
        "document": 24, 
        "location": "\uc704\ub3c4, \uacbd\ub3c4 : (37.5031646, 127.0450655), \uc8fc\uc18c : \ub300\ud55c\ubbfc\uad6d \uc11c\uc6b8\ud2b9\ubcc4\uc2dc \uac15\ub0a8\uad6c \uc5ed\uc0bc\ub3d9 802-44 "
    }
},
{
    "pk": 51, 
    "model": "document.sign", 
    "fields": {
        "created": "2013-11-22T02:34:55.590", 
        "photo": "sign_photo/photo_60.jpg", 
        "image": "sign/sign_byeondongsam_25.png", 
        "wifi": "(u'NearWifi : Essew, 64:E5:99:22:6B:D4, \\uac15\\ub3c4 : -87', u'NearWifi : Essew, 64:E5:99:22:6B:D4, \\uac15\\ub3c4 : -87')", 
        "user": 35, 
        "document": 25, 
        "location": "\uc704\ub3c4, \uacbd\ub3c4 : (37.5032128, 127.0450758), \uc8fc\uc18c : \ub300\ud55c\ubbfc\uad6d \uc11c\uc6b8\ud2b9\ubcc4\uc2dc \uac15\ub0a8\uad6c \uc5ed\uc0bc1\ub3d9 802-44 "
    }
},
{
    "pk": 52, 
    "model": "document.sign", 
    "fields": {
        "created": "2013-11-22T02:34:58.874", 
        "photo": "sign_photo/photo_61.jpg", 
        "image": "sign/sign_joojiyeon_28.png", 
        "wifi": "(u'NearWifi : E&Glory, 00:08:9F:8C:BA:73, \\uac15\\ub3c4 : -86', u'NearWifi : E&Glory, 00:08:9F:8C:BA:73, \\uac15\\ub3c4 : -86')", 
        "user": 36, 
        "document": 28, 
        "location": "\uc704\ub3c4, \uacbd\ub3c4 : (37.5036194, 127.045077), \uc8fc\uc18c : \ub300\ud55c\ubbfc\uad6d \uc11c\uc6b8\ud2b9\ubcc4\uc2dc \uac15\ub0a8\uad6c \ud14c\ud5e4\ub780\ub85c 313 "
    }
},
{
    "pk": 53, 
    "model": "document.sign", 
    "fields": {
        "created": "2013-11-22T02:35:00.707", 
        "photo": "sign_photo/photo_62.jpg", 
        "image": "sign/sign_kimhanjun_25.png", 
        "wifi": "(u'NearWifi : ollehWiFi , 02:30:0D:59:2C:EA, \\uac15\\ub3c4 : -74', u'NearWifi : ollehWiFi , 02:30:0D:59:2C:EA, \\uac15\\ub3c4 : -74')", 
        "user": 34, 
        "document": 25, 
        "location": "\uc704\ub3c4, \uacbd\ub3c4 : (37.5031646, 127.0450655), \uc8fc\uc18c : \ub300\ud55c\ubbfc\uad6d \uc11c\uc6b8\ud2b9\ubcc4\uc2dc \uac15\ub0a8\uad6c \uc5ed\uc0bc\ub3d9 802-44 "
    }
},
{
    "pk": 54, 
    "model": "document.sign", 
    "fields": {
        "created": "2013-11-22T02:35:01.149", 
        "photo": "sign_photo/photo_63.jpg", 
        "image": "sign/sign_byeondongsam_29.png", 
        "wifi": "(u'NearWifi : Essew, 64:E5:99:22:6B:D4, \\uac15\\ub3c4 : -87', u'NearWifi : Essew, 64:E5:99:22:6B:D4, \\uac15\\ub3c4 : -87')", 
        "user": 35, 
        "document": 29, 
        "location": "\uc704\ub3c4, \uacbd\ub3c4 : (37.5032128, 127.0450758), \uc8fc\uc18c : \ub300\ud55c\ubbfc\uad6d \uc11c\uc6b8\ud2b9\ubcc4\uc2dc \uac15\ub0a8\uad6c \uc5ed\uc0bc1\ub3d9 802-44 "
    }
},
{
    "pk": 55, 
    "model": "document.sign", 
    "fields": {
        "created": "2013-11-22T02:35:04.940", 
        "photo": "sign_photo/photo_64.jpg", 
        "image": "sign/sign_joojiyeon_29.png", 
        "wifi": "(u'NearWifi : E&Glory, 00:08:9F:8C:BA:73, \\uac15\\ub3c4 : -86', u'NearWifi : E&Glory, 00:08:9F:8C:BA:73, \\uac15\\ub3c4 : -86')", 
        "user": 36, 
        "document": 29, 
        "location": "\uc704\ub3c4, \uacbd\ub3c4 : (37.5036194, 127.045077), \uc8fc\uc18c : \ub300\ud55c\ubbfc\uad6d \uc11c\uc6b8\ud2b9\ubcc4\uc2dc \uac15\ub0a8\uad6c \ud14c\ud5e4\ub780\ub85c 313 "
    }
},
{
    "pk": 56, 
    "model": "document.sign", 
    "fields": {
        "created": "2013-11-22T02:35:07.017", 
        "photo": "sign_photo/photo_65.jpg", 
        "image": "sign/sign_kimhanjun_26.png", 
        "wifi": "(u'NearWifi : ollehWiFi , 02:30:0D:59:2C:EA, \\uac15\\ub3c4 : -74', u'NearWifi : ollehWiFi , 02:30:0D:59:2C:EA, \\uac15\\ub3c4 : -74')", 
        "user": 34, 
        "document": 26, 
        "location": "\uc704\ub3c4, \uacbd\ub3c4 : (37.5031646, 127.0450655), \uc8fc\uc18c : \ub300\ud55c\ubbfc\uad6d \uc11c\uc6b8\ud2b9\ubcc4\uc2dc \uac15\ub0a8\uad6c \uc5ed\uc0bc\ub3d9 802-44 "
    }
},
{
    "pk": 57, 
    "model": "document.sign", 
    "fields": {
        "created": "2013-11-22T02:35:14.378", 
        "photo": "sign_photo/photo_66.jpg", 
        "image": "sign/sign_kimhanjun_27.png", 
        "wifi": "(u'NearWifi : Samsung, C8:3A:35:4B:41:10, \\uac15\\ub3c4 : -82', u'NearWifi : Samsung, C8:3A:35:4B:41:10, \\uac15\\ub3c4 : -82')", 
        "user": 34, 
        "document": 27, 
        "location": "\uc704\ub3c4, \uacbd\ub3c4 : (37.503148, 127.0450358), \uc8fc\uc18c : \ub300\ud55c\ubbfc\uad6d \uc11c\uc6b8\ud2b9\ubcc4\uc2dc \uac15\ub0a8\uad6c \uc5ed\uc0bc\ub3d9 802-44 "
    }
},
{
    "pk": 58, 
    "model": "document.sign", 
    "fields": {
        "created": "2013-11-22T02:35:20.825", 
        "photo": "sign_photo/photo_67.jpg", 
        "image": "sign/sign_kimhanjun_28.png", 
        "wifi": "(u'NearWifi : Samsung, C8:3A:35:4B:41:10, \\uac15\\ub3c4 : -82', u'NearWifi : Samsung, C8:3A:35:4B:41:10, \\uac15\\ub3c4 : -82')", 
        "user": 34, 
        "document": 28, 
        "location": "\uc704\ub3c4, \uacbd\ub3c4 : (37.503148, 127.0450358), \uc8fc\uc18c : \ub300\ud55c\ubbfc\uad6d \uc11c\uc6b8\ud2b9\ubcc4\uc2dc \uac15\ub0a8\uad6c \uc5ed\uc0bc\ub3d9 802-44 "
    }
},
{
    "pk": 59, 
    "model": "document.sign", 
    "fields": {
        "created": "2013-11-22T02:35:24.917", 
        "photo": "sign_photo/photo_69.jpg", 
        "image": "sign/sign_byeondongsam_27_1.png", 
        "wifi": "(u'NearWifi : EMK, 00:26:66:A7:BF:2C, \\uac15\\ub3c4 : -83', u'NearWifi : EMK, 00:26:66:A7:BF:2C, \\uac15\\ub3c4 : -83')", 
        "user": 35, 
        "document": 27, 
        "location": "\uc704\ub3c4, \uacbd\ub3c4 : (37.503237, 127.045086), \uc8fc\uc18c : "
    }
},
{
    "pk": 60, 
    "model": "document.sign", 
    "fields": {
        "created": "2013-11-22T02:35:27.603", 
        "photo": "sign_photo/photo_70.jpg", 
        "image": "sign/sign_kimhanjun_29.png", 
        "wifi": "(u'NearWifi : Samsung, C8:3A:35:4B:41:10, \\uac15\\ub3c4 : -82', u'NearWifi : Samsung, C8:3A:35:4B:41:10, \\uac15\\ub3c4 : -82')", 
        "user": 34, 
        "document": 29, 
        "location": "\uc704\ub3c4, \uacbd\ub3c4 : (37.503148, 127.0450358), \uc8fc\uc18c : \ub300\ud55c\ubbfc\uad6d \uc11c\uc6b8\ud2b9\ubcc4\uc2dc \uac15\ub0a8\uad6c \uc5ed\uc0bc\ub3d9 802-44 "
    }
},
{
    "pk": 61, 
    "model": "document.sign", 
    "fields": {
        "created": "2013-11-22T02:36:03.685", 
        "photo": "sign_photo/photo_71.jpg", 
        "image": "sign/sign_handaehee_20.png", 
        "wifi": "(u'NearWifi : GMIGuest, 00:24:A8:96:88:F1, \\uac15\\ub3c4 : -91', u'NearWifi : GMIGuest, 00:24:A8:96:88:F1, \\uac15\\ub3c4 : -91')", 
        "user": 33, 
        "document": 20, 
        "location": "\uc704\ub3c4, \uacbd\ub3c4 : (37.5031695, 127.0450482), \uc8fc\uc18c : \ub300\ud55c\ubbfc\uad6d \uc11c\uc6b8\ud2b9\ubcc4\uc2dc \uac15\ub0a8\uad6c \uc5ed\uc0bc1\ub3d9 802-44 "
    }
},
{
    "pk": 62, 
    "model": "document.sign", 
    "fields": {
        "created": "2013-11-22T02:36:10.207", 
        "photo": "sign_photo/photo_72.jpg", 
        "image": "sign/sign_handaehee_21.png", 
        "wifi": "(u'NearWifi : GMIGuest, 00:24:A8:96:88:F1, \\uac15\\ub3c4 : -91', u'NearWifi : GMIGuest, 00:24:A8:96:88:F1, \\uac15\\ub3c4 : -91')", 
        "user": 33, 
        "document": 21, 
        "location": "\uc704\ub3c4, \uacbd\ub3c4 : (37.5031695, 127.0450482), \uc8fc\uc18c : \ub300\ud55c\ubbfc\uad6d \uc11c\uc6b8\ud2b9\ubcc4\uc2dc \uac15\ub0a8\uad6c \uc5ed\uc0bc1\ub3d9 802-44 "
    }
},
{
    "pk": 63, 
    "model": "document.sign", 
    "fields": {
        "created": "2013-11-22T02:36:19.634", 
        "photo": "sign_photo/photo_73.jpg", 
        "image": "sign/sign_handaehee_23.png", 
        "wifi": "(u'NearWifi : FREE_U+zone, 00:40:5A:C0:44:9B, \\uac15\\ub3c4 : -84', u'NearWifi : FREE_U+zone, 00:40:5A:C0:44:9B, \\uac15\\ub3c4 : -84')", 
        "user": 33, 
        "document": 23, 
        "location": "\uc704\ub3c4, \uacbd\ub3c4 : (37.5031288, 127.0450637), \uc8fc\uc18c : \ub300\ud55c\ubbfc\uad6d \uc11c\uc6b8\ud2b9\ubcc4\uc2dc \uac15\ub0a8\uad6c \uc5ed\uc0bc2\ub3d9 707-2 "
    }
},
{
    "pk": 64, 
    "model": "document.sign", 
    "fields": {
        "created": "2013-11-22T02:36:26.512", 
        "photo": "sign_photo/photo_74.jpg", 
        "image": "sign/sign_handaehee_26.png", 
        "wifi": "(u'NearWifi : FREE_U+zone, 00:40:5A:C0:44:9B, \\uac15\\ub3c4 : -84', u'NearWifi : FREE_U+zone, 00:40:5A:C0:44:9B, \\uac15\\ub3c4 : -84')", 
        "user": 33, 
        "document": 26, 
        "location": "\uc704\ub3c4, \uacbd\ub3c4 : (37.5031288, 127.0450637), \uc8fc\uc18c : \ub300\ud55c\ubbfc\uad6d \uc11c\uc6b8\ud2b9\ubcc4\uc2dc \uac15\ub0a8\uad6c \uc5ed\uc0bc2\ub3d9 707-2 "
    }
},
{
    "pk": 65, 
    "model": "document.sign", 
    "fields": {
        "created": "2013-11-22T02:36:35.362", 
        "photo": "sign_photo/photo_75.jpg", 
        "image": "sign/sign_handaehee_22.png", 
        "wifi": "(u'NearWifi : FREE_U+zone, 00:40:5A:C0:44:9B, \\uac15\\ub3c4 : -84', u'NearWifi : FREE_U+zone, 00:40:5A:C0:44:9B, \\uac15\\ub3c4 : -84')", 
        "user": 33, 
        "document": 22, 
        "location": "\uc704\ub3c4, \uacbd\ub3c4 : (37.5031288, 127.0450637), \uc8fc\uc18c : \ub300\ud55c\ubbfc\uad6d \uc11c\uc6b8\ud2b9\ubcc4\uc2dc \uac15\ub0a8\uad6c \uc5ed\uc0bc2\ub3d9 707-2 "
    }
},
{
    "pk": 66, 
    "model": "document.sign", 
    "fields": {
        "created": "2013-11-22T02:36:43.361", 
        "photo": "sign_photo/photo_76.jpg", 
        "image": "sign/sign_handaehee_29.png", 
        "wifi": "(u'NearWifi : Samsung, C8:3A:35:4B:41:10, \\uac15\\ub3c4 : -79', u'NearWifi : Samsung, C8:3A:35:4B:41:10, \\uac15\\ub3c4 : -79')", 
        "user": 33, 
        "document": 29, 
        "location": "\uc704\ub3c4, \uacbd\ub3c4 : (37.5031419, 127.0450829), \uc8fc\uc18c : \ub300\ud55c\ubbfc\uad6d \uc11c\uc6b8\ud2b9\ubcc4\uc2dc \uac15\ub0a8\uad6c \uc5ed\uc0bc2\ub3d9 707-2 "
    }
},
{
    "pk": 67, 
    "model": "document.sign", 
    "fields": {
        "created": "2013-11-22T02:36:51.213", 
        "photo": "sign_photo/photo_77.jpg", 
        "image": "sign/sign_handaehee_24.png", 
        "wifi": "(u'NearWifi : Samsung, C8:3A:35:4B:41:10, \\uac15\\ub3c4 : -79', u'NearWifi : Samsung, C8:3A:35:4B:41:10, \\uac15\\ub3c4 : -79')", 
        "user": 33, 
        "document": 24, 
        "location": "\uc704\ub3c4, \uacbd\ub3c4 : (37.5031419, 127.0450829), \uc8fc\uc18c : \ub300\ud55c\ubbfc\uad6d \uc11c\uc6b8\ud2b9\ubcc4\uc2dc \uac15\ub0a8\uad6c \uc5ed\uc0bc2\ub3d9 707-2 "
    }
},
{
    "pk": 68, 
    "model": "document.sign", 
    "fields": {
        "created": "2013-11-22T02:36:57.617", 
        "photo": "sign_photo/photo_78.jpg", 
        "image": "sign/sign_handaehee_28.png", 
        "wifi": "(u'NearWifi : Samsung, C8:3A:35:4B:41:10, \\uac15\\ub3c4 : -79', u'NearWifi : Samsung, C8:3A:35:4B:41:10, \\uac15\\ub3c4 : -79')", 
        "user": 33, 
        "document": 28, 
        "location": "\uc704\ub3c4, \uacbd\ub3c4 : (37.5031419, 127.0450829), \uc8fc\uc18c : \ub300\ud55c\ubbfc\uad6d \uc11c\uc6b8\ud2b9\ubcc4\uc2dc \uac15\ub0a8\uad6c \uc5ed\uc0bc2\ub3d9 707-2 "
    }
},
{
    "pk": 69, 
    "model": "document.sign", 
    "fields": {
        "created": "2013-11-22T02:37:02.967", 
        "photo": "sign_photo/photo_79.jpg", 
        "image": "sign/sign_handaehee_25.png", 
        "wifi": "(u'NearWifi : SMC, 00:22:2D:B1:E7:CF, \\uac15\\ub3c4 : -81', u'NearWifi : SMC, 00:22:2D:B1:E7:CF, \\uac15\\ub3c4 : -81')", 
        "user": 33, 
        "document": 25, 
        "location": "\uc704\ub3c4, \uacbd\ub3c4 : (37.5031344, 127.0450779), \uc8fc\uc18c : \ub300\ud55c\ubbfc\uad6d \uc11c\uc6b8\ud2b9\ubcc4\uc2dc \uac15\ub0a8\uad6c \uc5ed\uc0bc2\ub3d9 707-2 "
    }
},
{
    "pk": 70, 
    "model": "document.sign", 
    "fields": {
        "created": "2013-11-22T02:37:08.442", 
        "photo": "sign_photo/photo_80.jpg", 
        "image": "sign/sign_handaehee_27.png", 
        "wifi": "(u'NearWifi : SMC, 00:22:2D:B1:E7:CF, \\uac15\\ub3c4 : -81', u'NearWifi : SMC, 00:22:2D:B1:E7:CF, \\uac15\\ub3c4 : -81')", 
        "user": 33, 
        "document": 27, 
        "location": "\uc704\ub3c4, \uacbd\ub3c4 : (37.5031344, 127.0450779), \uc8fc\uc18c : \ub300\ud55c\ubbfc\uad6d \uc11c\uc6b8\ud2b9\ubcc4\uc2dc \uac15\ub0a8\uad6c \uc5ed\uc0bc2\ub3d9 707-2 "
    }
},
{
    "pk": 71, 
    "model": "document.sign", 
    "fields": {
        "created": "2013-11-22T02:39:51.495", 
        "photo": "sign_photo/photo_81.jpg", 
        "image": "sign/sign_kimdonghyeonB_30.png", 
        "wifi": "(u'NearWifi : iptime, 00:26:66:FB:3F:CC, \\uac15\\ub3c4 : -82', u'NearWifi : iptime, 00:26:66:FB:3F:CC, \\uac15\\ub3c4 : -82')", 
        "user": 47, 
        "document": 30, 
        "location": "\uc704\ub3c4, \uacbd\ub3c4 : (37.5031516, 127.0450472), \uc8fc\uc18c : \ub300\ud55c\ubbfc\uad6d \uc11c\uc6b8\ud2b9\ubcc4\uc2dc \uac15\ub0a8\uad6c \uc5ed\uc0bc\ub3d9 802-44 "
    }
},
{
    "pk": 72, 
    "model": "document.sign", 
    "fields": {
        "created": "2013-11-22T02:39:52.839", 
        "photo": "sign_photo/photo_82.jpg", 
        "image": "sign/sign_songjihyeon_30.png", 
        "wifi": "(u'NearWifi : ollehWiFi , 02:30:0D:5C:15:E4, \\uac15\\ub3c4 : -78', u'NearWifi : ollehWiFi , 02:30:0D:5C:15:E4, \\uac15\\ub3c4 : -78')", 
        "user": 21, 
        "document": 30, 
        "location": "\uc704\ub3c4, \uacbd\ub3c4 : (37.5032351, 127.0451074), \uc8fc\uc18c : \ub300\ud55c\ubbfc\uad6d \uc11c\uc6b8\ud2b9\ubcc4\uc2dc \uac15\ub0a8\uad6c \uc5ed\uc0bc1\ub3d9 802-44 "
    }
},
{
    "pk": 73, 
    "model": "document.sign", 
    "fields": {
        "created": "2013-11-22T02:39:56.757", 
        "photo": "sign_photo/photo_83.jpg", 
        "image": "sign/sign_songjihyeon_31.png", 
        "wifi": "(u'NearWifi : ollehWiFi , 02:30:0D:5C:15:E4, \\uac15\\ub3c4 : -78', u'NearWifi : ollehWiFi , 02:30:0D:5C:15:E4, \\uac15\\ub3c4 : -78')", 
        "user": 21, 
        "document": 31, 
        "location": "\uc704\ub3c4, \uacbd\ub3c4 : (37.5032351, 127.0451074), \uc8fc\uc18c : \ub300\ud55c\ubbfc\uad6d \uc11c\uc6b8\ud2b9\ubcc4\uc2dc \uac15\ub0a8\uad6c \uc5ed\uc0bc1\ub3d9 802-44 "
    }
},
{
    "pk": 74, 
    "model": "document.sign", 
    "fields": {
        "created": "2013-11-22T02:39:59.336", 
        "photo": "sign_photo/photo_84.jpg", 
        "image": "sign/sign_kimdonghyeonB_32.png", 
        "wifi": "(u'NearWifi : iptime, 00:26:66:FB:3F:CC, \\uac15\\ub3c4 : -82', u'NearWifi : iptime, 00:26:66:FB:3F:CC, \\uac15\\ub3c4 : -82')", 
        "user": 47, 
        "document": 32, 
        "location": "\uc704\ub3c4, \uacbd\ub3c4 : (37.5031516, 127.0450472), \uc8fc\uc18c : \ub300\ud55c\ubbfc\uad6d \uc11c\uc6b8\ud2b9\ubcc4\uc2dc \uac15\ub0a8\uad6c \uc5ed\uc0bc\ub3d9 802-44 "
    }
},
{
    "pk": 75, 
    "model": "document.sign", 
    "fields": {
        "created": "2013-11-22T02:40:00.754", 
        "photo": "sign_photo/photo_85.jpg", 
        "image": "sign/sign_songjihyeon_32.png", 
        "wifi": "(u'NearWifi : ollehWiFi , 02:30:0D:5C:15:E4, \\uac15\\ub3c4 : -78', u'NearWifi : ollehWiFi , 02:30:0D:5C:15:E4, \\uac15\\ub3c4 : -78')", 
        "user": 21, 
        "document": 32, 
        "location": "\uc704\ub3c4, \uacbd\ub3c4 : (37.5032351, 127.0451074), \uc8fc\uc18c : \ub300\ud55c\ubbfc\uad6d \uc11c\uc6b8\ud2b9\ubcc4\uc2dc \uac15\ub0a8\uad6c \uc5ed\uc0bc1\ub3d9 802-44 "
    }
},
{
    "pk": 76, 
    "model": "document.sign", 
    "fields": {
        "created": "2013-11-22T02:40:02.769", 
        "photo": "sign_photo/photo_86.jpg", 
        "image": "sign/sign_komingyu_30.png", 
        "wifi": "(u'NearWifi : Samsung, C8:3A:35:4B:41:10, \\uac15\\ub3c4 : -74', u'NearWifi : Samsung, C8:3A:35:4B:41:10, \\uac15\\ub3c4 : -74')", 
        "user": 16, 
        "document": 30, 
        "location": "\uc704\ub3c4, \uacbd\ub3c4 : (37.5031454, 127.0449951), \uc8fc\uc18c : \ub300\ud55c\ubbfc\uad6d \uc11c\uc6b8\ud2b9\ubcc4\uc2dc \uac15\ub0a8\uad6c \uc5ed\uc0bc\ub3d9 802-44 "
    }
},
{
    "pk": 77, 
    "model": "document.sign", 
    "fields": {
        "created": "2013-11-22T02:40:06.058", 
        "photo": "sign_photo/photo_87.jpg", 
        "image": "sign/sign_songjihyeon_34.png", 
        "wifi": "(u'NearWifi : ollehWiFi , 02:30:0D:5C:15:E4, \\uac15\\ub3c4 : -78', u'NearWifi : ollehWiFi , 02:30:0D:5C:15:E4, \\uac15\\ub3c4 : -78')", 
        "user": 21, 
        "document": 34, 
        "location": "\uc704\ub3c4, \uacbd\ub3c4 : (37.5032351, 127.0451074), \uc8fc\uc18c : \ub300\ud55c\ubbfc\uad6d \uc11c\uc6b8\ud2b9\ubcc4\uc2dc \uac15\ub0a8\uad6c \uc5ed\uc0bc1\ub3d9 802-44 "
    }
},
{
    "pk": 78, 
    "model": "document.sign", 
    "fields": {
        "created": "2013-11-22T02:40:06.214", 
        "photo": "sign_photo/photo_88.jpg", 
        "image": "sign/sign_kimdonghyeonB_31.png", 
        "wifi": "(u'NearWifi : johnsonlifescience, 64:E5:99:6B:0C:F4, \\uac15\\ub3c4 : -84', u'NearWifi : johnsonlifescience, 64:E5:99:6B:0C:F4, \\uac15\\ub3c4 : -84')", 
        "user": 47, 
        "document": 31, 
        "location": "\uc704\ub3c4, \uacbd\ub3c4 : (37.5031535, 127.0450575), \uc8fc\uc18c : \ub300\ud55c\ubbfc\uad6d \uc11c\uc6b8\ud2b9\ubcc4\uc2dc \uac15\ub0a8\uad6c \uc5ed\uc0bc1\ub3d9 802-44 "
    }
},
{
    "pk": 79, 
    "model": "document.sign", 
    "fields": {
        "created": "2013-11-22T02:40:09.408", 
        "photo": "sign_photo/photo_89.jpg", 
        "image": "sign/sign_komingyu_31.png", 
        "wifi": "(u'NearWifi : SeungAP, C4:3D:C7:9E:CE:50, \\uac15\\ub3c4 : -89', u'NearWifi : SeungAP, C4:3D:C7:9E:CE:50, \\uac15\\ub3c4 : -89')", 
        "user": 16, 
        "document": 31, 
        "location": "\uc704\ub3c4, \uacbd\ub3c4 : (37.503163, 127.0450496), \uc8fc\uc18c : \ub300\ud55c\ubbfc\uad6d \uc11c\uc6b8\ud2b9\ubcc4\uc2dc \uac15\ub0a8\uad6c \uc5ed\uc0bc\ub3d9 802-44 "
    }
},
{
    "pk": 80, 
    "model": "document.sign", 
    "fields": {
        "created": "2013-11-22T02:40:10.405", 
        "photo": "sign_photo/photo_90.jpg", 
        "image": "sign/sign_songjihyeon_35.png", 
        "wifi": "(u'NearWifi : ollehWiFi , 02:30:0D:5C:15:E4, \\uac15\\ub3c4 : -78', u'NearWifi : ollehWiFi , 02:30:0D:5C:15:E4, \\uac15\\ub3c4 : -78')", 
        "user": 21, 
        "document": 35, 
        "location": "\uc704\ub3c4, \uacbd\ub3c4 : (37.5032351, 127.0451074), \uc8fc\uc18c : \ub300\ud55c\ubbfc\uad6d \uc11c\uc6b8\ud2b9\ubcc4\uc2dc \uac15\ub0a8\uad6c \uc5ed\uc0bc1\ub3d9 802-44 "
    }
},
{
    "pk": 81, 
    "model": "document.sign", 
    "fields": {
        "created": "2013-11-22T02:40:12.655", 
        "photo": "sign_photo/photo_91.jpg", 
        "image": "sign/sign_kimdonghyeonB_34.png", 
        "wifi": "(u'NearWifi : johnsonlifescience, 64:E5:99:6B:0C:F4, \\uac15\\ub3c4 : -84', u'NearWifi : johnsonlifescience, 64:E5:99:6B:0C:F4, \\uac15\\ub3c4 : -84')", 
        "user": 47, 
        "document": 34, 
        "location": "\uc704\ub3c4, \uacbd\ub3c4 : (37.5031535, 127.0450575), \uc8fc\uc18c : \ub300\ud55c\ubbfc\uad6d \uc11c\uc6b8\ud2b9\ubcc4\uc2dc \uac15\ub0a8\uad6c \uc5ed\uc0bc1\ub3d9 802-44 "
    }
},
{
    "pk": 82, 
    "model": "document.sign", 
    "fields": {
        "created": "2013-11-22T02:40:17.218", 
        "photo": "sign_photo/photo_92.jpg", 
        "image": "sign/sign_komingyu_32.png", 
        "wifi": "(u'NearWifi : SeungAP, C4:3D:C7:9E:CE:50, \\uac15\\ub3c4 : -89', u'NearWifi : SeungAP, C4:3D:C7:9E:CE:50, \\uac15\\ub3c4 : -89')", 
        "user": 16, 
        "document": 32, 
        "location": "\uc704\ub3c4, \uacbd\ub3c4 : (37.503163, 127.0450496), \uc8fc\uc18c : \ub300\ud55c\ubbfc\uad6d \uc11c\uc6b8\ud2b9\ubcc4\uc2dc \uac15\ub0a8\uad6c \uc5ed\uc0bc\ub3d9 802-44 "
    }
},
{
    "pk": 83, 
    "model": "document.sign", 
    "fields": {
        "created": "2013-11-22T02:40:19.176", 
        "photo": "sign_photo/photo_93.jpg", 
        "image": "sign/sign_kimdonghyeonB_33.png", 
        "wifi": "(u'NearWifi : johnsonlifescience, 64:E5:99:6B:0C:F4, \\uac15\\ub3c4 : -84', u'NearWifi : johnsonlifescience, 64:E5:99:6B:0C:F4, \\uac15\\ub3c4 : -84')", 
        "user": 47, 
        "document": 33, 
        "location": "\uc704\ub3c4, \uacbd\ub3c4 : (37.5031535, 127.0450575), \uc8fc\uc18c : \ub300\ud55c\ubbfc\uad6d \uc11c\uc6b8\ud2b9\ubcc4\uc2dc \uac15\ub0a8\uad6c \uc5ed\uc0bc1\ub3d9 802-44 "
    }
},
{
    "pk": 84, 
    "model": "document.sign", 
    "fields": {
        "created": "2013-11-22T02:40:23.095", 
        "photo": "sign_photo/photo_94.jpg", 
        "image": "sign/sign_komingyu_33.png", 
        "wifi": "(u'NearWifi : SeungAP, C4:3D:C7:9E:CE:50, \\uac15\\ub3c4 : -89', u'NearWifi : SeungAP, C4:3D:C7:9E:CE:50, \\uac15\\ub3c4 : -89')", 
        "user": 16, 
        "document": 33, 
        "location": "\uc704\ub3c4, \uacbd\ub3c4 : (37.503163, 127.0450496), \uc8fc\uc18c : \ub300\ud55c\ubbfc\uad6d \uc11c\uc6b8\ud2b9\ubcc4\uc2dc \uac15\ub0a8\uad6c \uc5ed\uc0bc\ub3d9 802-44 "
    }
},
{
    "pk": 85, 
    "model": "document.sign", 
    "fields": {
        "created": "2013-11-22T02:40:26.061", 
        "photo": "sign_photo/photo_95.jpg", 
        "image": "sign/sign_kimdonghyeonB_35.png", 
        "wifi": "(u'NearWifi : TWS_WIFI, 00:08:9F:C6:18:70, \\uac15\\ub3c4 : -94', u'NearWifi : TWS_WIFI, 00:08:9F:C6:18:70, \\uac15\\ub3c4 : -94')", 
        "user": 47, 
        "document": 35, 
        "location": "\uc704\ub3c4, \uacbd\ub3c4 : (37.5031545, 127.0450533), \uc8fc\uc18c : \ub300\ud55c\ubbfc\uad6d \uc11c\uc6b8\ud2b9\ubcc4\uc2dc \uac15\ub0a8\uad6c \uc5ed\uc0bc1\ub3d9 802-44 "
    }
},
{
    "pk": 86, 
    "model": "document.sign", 
    "fields": {
        "created": "2013-11-22T02:40:29.084", 
        "photo": "sign_photo/photo_96.jpg", 
        "image": "sign/sign_komingyu_34.png", 
        "wifi": "(u'NearWifi : FREE_U+zone, 00:40:5A:C0:44:9B, \\uac15\\ub3c4 : -81', u'NearWifi : FREE_U+zone, 00:40:5A:C0:44:9B, \\uac15\\ub3c4 : -81')", 
        "user": 16, 
        "document": 34, 
        "location": "\uc704\ub3c4, \uacbd\ub3c4 : (37.5031327, 127.0450647), \uc8fc\uc18c : \ub300\ud55c\ubbfc\uad6d \uc11c\uc6b8\ud2b9\ubcc4\uc2dc \uac15\ub0a8\uad6c \uc5ed\uc0bc2\ub3d9 707-2 "
    }
},
{
    "pk": 1, 
    "model": "document.document", 
    "fields": {
        "complete_time": null, 
        "created": "2013-11-22T00:05:41.947", 
        "submit_user": null, 
        "deadline": "2013-11-23T18:00:00", 
        "submit_time": "2013-11-22T02:47:10.304", 
        "doc_title": "\uba58\ud1a0\ub9c1 \ubcf4\uace0\uc11c", 
        "sign_users": [
            2, 
            8, 
            12, 
            13
        ], 
        "is_submitted": true, 
        "is_complete": true
    }
},
{
    "pk": 2, 
    "model": "document.document", 
    "fields": {
        "complete_time": null, 
        "created": "2013-11-22T00:08:05.871", 
        "submit_user": null, 
        "deadline": "2013-11-23T18:00:00.871", 
        "submit_time": "2013-11-22T02:47:10.317", 
        "doc_title": "\uba58\ud1a0\ub9c1 \ubcf4\uace0\uc11c", 
        "sign_users": [
            2, 
            8, 
            12
        ], 
        "is_submitted": true, 
        "is_complete": true
    }
},
{
    "pk": 3, 
    "model": "document.document", 
    "fields": {
        "complete_time": null, 
        "created": "2013-11-22T00:09:51.023", 
        "submit_user": null, 
        "deadline": "2013-11-23T18:00:00.023", 
        "submit_time": "2013-11-22T02:47:10.327", 
        "doc_title": "\uba58\ud1a0\ub9c1 \ubcf4\uace0\uc11c", 
        "sign_users": [
            2, 
            8
        ], 
        "is_submitted": true, 
        "is_complete": true
    }
},
{
    "pk": 4, 
    "model": "document.document", 
    "fields": {
        "complete_time": null, 
        "created": "2013-11-22T00:11:55.937", 
        "submit_user": null, 
        "deadline": "2013-11-23T18:00:00.937", 
        "submit_time": "2013-11-22T02:47:10.337", 
        "doc_title": "\uba58\ud1a0\ub9c1 \ubcf4\uace0\uc11c", 
        "sign_users": [
            2, 
            8, 
            12
        ], 
        "is_submitted": true, 
        "is_complete": true
    }
},
{
    "pk": 5, 
    "model": "document.document", 
    "fields": {
        "complete_time": null, 
        "created": "2013-11-22T00:12:56.559", 
        "submit_user": null, 
        "deadline": "2013-11-23T18:00:00.558", 
        "submit_time": "2013-11-22T02:47:10.346", 
        "doc_title": "\uba58\ud1a0\ub9c1 \ubcf4\uace0\uc11c", 
        "sign_users": [
            2, 
            8, 
            12
        ], 
        "is_submitted": true, 
        "is_complete": true
    }
},
{
    "pk": 6, 
    "model": "document.document", 
    "fields": {
        "complete_time": null, 
        "created": "2013-11-22T00:14:36.012", 
        "submit_user": null, 
        "deadline": "2013-11-23T18:00:00.012", 
        "submit_time": "2013-11-22T02:47:10.362", 
        "doc_title": "\uba58\ud1a0\ub9c1 \ubcf4\uace0\uc11c", 
        "sign_users": [
            2, 
            8, 
            12
        ], 
        "is_submitted": true, 
        "is_complete": true
    }
},
{
    "pk": 7, 
    "model": "document.document", 
    "fields": {
        "complete_time": null, 
        "created": "2013-11-22T00:15:34.537", 
        "submit_user": null, 
        "deadline": "2013-11-23T18:00:00.537", 
        "submit_time": "2013-11-22T02:47:10.370", 
        "doc_title": "\uba58\ud1a0\ub9c1 \ubcf4\uace0\uc11c", 
        "sign_users": [
            2, 
            8, 
            12
        ], 
        "is_submitted": true, 
        "is_complete": true
    }
},
{
    "pk": 8, 
    "model": "document.document", 
    "fields": {
        "complete_time": null, 
        "created": "2013-11-22T00:16:22.657", 
        "submit_user": null, 
        "deadline": "2013-11-23T18:00:00.657", 
        "submit_time": "2013-11-22T02:47:10.382", 
        "doc_title": "\uba58\ud1a0\ub9c1 \ubcf4\uace0\uc11c", 
        "sign_users": [
            2, 
            8
        ], 
        "is_submitted": true, 
        "is_complete": true
    }
},
{
    "pk": 9, 
    "model": "document.document", 
    "fields": {
        "complete_time": null, 
        "created": "2013-11-22T00:17:17.792", 
        "submit_user": null, 
        "deadline": "2013-11-23T18:00:00.792", 
        "submit_time": "2013-11-22T02:47:10.391", 
        "doc_title": "\uba58\ud1a0\ub9c1 \ubcf4\uace0\uc11c", 
        "sign_users": [
            2, 
            8, 
            12
        ], 
        "is_submitted": true, 
        "is_complete": true
    }
},
{
    "pk": 10, 
    "model": "document.document", 
    "fields": {
        "complete_time": null, 
        "created": "2013-11-22T00:17:59.490", 
        "submit_user": null, 
        "deadline": "2013-11-23T18:00:00.490", 
        "submit_time": "2013-11-22T02:47:10.402", 
        "doc_title": "\uba58\ud1a0\ub9c1 \ubcf4\uace0\uc11c", 
        "sign_users": [
            2, 
            8, 
            12, 
            13
        ], 
        "is_submitted": true, 
        "is_complete": true
    }
},
{
    "pk": 20, 
    "model": "document.document", 
    "fields": {
        "complete_time": null, 
        "created": "2013-11-22T01:23:51.177", 
        "submit_user": null, 
        "deadline": "2013-11-23T18:00:00.177", 
        "submit_time": "2013-11-22T02:47:10.411", 
        "doc_title": "\uba58\ud1a0\ub9c1 \ubcf4\uace0\uc11c", 
        "sign_users": [
            33, 
            34, 
            35, 
            36
        ], 
        "is_submitted": true, 
        "is_complete": true
    }
},
{
    "pk": 21, 
    "model": "document.document", 
    "fields": {
        "complete_time": null, 
        "created": "2013-11-22T01:24:33.357", 
        "submit_user": null, 
        "deadline": "2013-11-23T18:00:00.357", 
        "submit_time": "2013-11-22T02:47:10.420", 
        "doc_title": "\uba58\ud1a0\ub9c1 \ubcf4\uace0\uc11c", 
        "sign_users": [
            33, 
            34, 
            35, 
            36
        ], 
        "is_submitted": true, 
        "is_complete": true
    }
},
{
    "pk": 22, 
    "model": "document.document", 
    "fields": {
        "complete_time": null, 
        "created": "2013-11-22T01:25:06.575", 
        "submit_user": null, 
        "deadline": "2013-11-23T18:00:00.574", 
        "submit_time": "2013-11-22T02:47:10.430", 
        "doc_title": "\uba58\ud1a0\ub9c1 \ubcf4\uace0\uc11c", 
        "sign_users": [
            33, 
            34, 
            35, 
            36
        ], 
        "is_submitted": true, 
        "is_complete": true
    }
},
{
    "pk": 23, 
    "model": "document.document", 
    "fields": {
        "complete_time": null, 
        "created": "2013-11-22T01:25:48.389", 
        "submit_user": null, 
        "deadline": "2013-11-23T18:00:00.389", 
        "submit_time": "2013-11-22T02:47:10.438", 
        "doc_title": "\uba58\ud1a0\ub9c1 \ubcf4\uace0\uc11c", 
        "sign_users": [
            33, 
            34, 
            35
        ], 
        "is_submitted": true, 
        "is_complete": true
    }
},
{
    "pk": 24, 
    "model": "document.document", 
    "fields": {
        "complete_time": null, 
        "created": "2013-11-22T01:26:23.121", 
        "submit_user": null, 
        "deadline": "2013-11-23T18:00:00.121", 
        "submit_time": "2013-11-22T02:47:10.447", 
        "doc_title": "\uba58\ud1a0\ub9c1 \ubcf4\uace0\uc11c", 
        "sign_users": [
            33, 
            34, 
            35, 
            36
        ], 
        "is_submitted": true, 
        "is_complete": true
    }
},
{
    "pk": 25, 
    "model": "document.document", 
    "fields": {
        "complete_time": null, 
        "created": "2013-11-22T01:27:00.816", 
        "submit_user": null, 
        "deadline": "2013-11-23T18:00:00.816", 
        "submit_time": "2013-11-22T02:47:10.461", 
        "doc_title": "\uba58\ud1a0\ub9c1 \ubcf4\uace0\uc11c", 
        "sign_users": [
            33, 
            34, 
            35, 
            36
        ], 
        "is_submitted": true, 
        "is_complete": true
    }
},
{
    "pk": 26, 
    "model": "document.document", 
    "fields": {
        "complete_time": null, 
        "created": "2013-11-22T01:27:44.510", 
        "submit_user": null, 
        "deadline": "2013-11-23T18:00:00.510", 
        "submit_time": "2013-11-22T02:47:10.472", 
        "doc_title": "\uba58\ud1a0\ub9c1 \ubcf4\uace0\uc11c", 
        "sign_users": [
            33, 
            34, 
            35, 
            36
        ], 
        "is_submitted": true, 
        "is_complete": true
    }
},
{
    "pk": 27, 
    "model": "document.document", 
    "fields": {
        "complete_time": null, 
        "created": "2013-11-22T01:28:23.290", 
        "submit_user": null, 
        "deadline": "2013-11-23T18:00:00.289", 
        "submit_time": "2013-11-22T02:47:10.481", 
        "doc_title": "\uba58\ud1a0\ub9c1 \ubcf4\uace0\uc11c", 
        "sign_users": [
            33, 
            34, 
            35, 
            36
        ], 
        "is_submitted": true, 
        "is_complete": true
    }
},
{
    "pk": 28, 
    "model": "document.document", 
    "fields": {
        "complete_time": null, 
        "created": "2013-11-22T01:29:22.418", 
        "submit_user": null, 
        "deadline": "2013-11-23T18:00:00.417", 
        "submit_time": "2013-11-22T02:47:10.490", 
        "doc_title": "\uba58\ud1a0\ub9c1 \ubcf4\uace0\uc11c", 
        "sign_users": [
            33, 
            34, 
            35, 
            36
        ], 
        "is_submitted": true, 
        "is_complete": true
    }
},
{
    "pk": 29, 
    "model": "document.document", 
    "fields": {
        "complete_time": null, 
        "created": "2013-11-22T01:30:21.788", 
        "submit_user": null, 
        "deadline": "2013-11-23T18:00:00.788", 
        "submit_time": "2013-11-22T02:47:10.499", 
        "doc_title": "\uba58\ud1a0\ub9c1 \ubcf4\uace0\uc11c", 
        "sign_users": [
            33, 
            34, 
            35, 
            36
        ], 
        "is_submitted": true, 
        "is_complete": true
    }
},
{
    "pk": 30, 
    "model": "document.document", 
    "fields": {
        "complete_time": null, 
        "created": "2013-11-22T01:32:23.074", 
        "submit_user": null, 
        "deadline": "2013-11-23T18:00:00.074", 
        "submit_time": "2013-11-22T02:47:10.508", 
        "doc_title": "\uba58\ud1a0\ub9c1 \ubcf4\uace0\uc11c", 
        "sign_users": [
            16, 
            21, 
            47
        ], 
        "is_submitted": true, 
        "is_complete": true
    }
},
{
    "pk": 31, 
    "model": "document.document", 
    "fields": {
        "complete_time": null, 
        "created": "2013-11-22T01:33:25.820", 
        "submit_user": null, 
        "deadline": "2013-11-23T18:00:00.819", 
        "submit_time": "2013-11-22T02:47:10.518", 
        "doc_title": "\uba58\ud1a0\ub9c1 \ubcf4\uace0\uc11c", 
        "sign_users": [
            16, 
            21, 
            47
        ], 
        "is_submitted": true, 
        "is_complete": true
    }
},
{
    "pk": 32, 
    "model": "document.document", 
    "fields": {
        "complete_time": null, 
        "created": "2013-11-22T01:34:27.323", 
        "submit_user": null, 
        "deadline": "2013-11-23T18:00:00.323", 
        "submit_time": "2013-11-22T02:47:10.527", 
        "doc_title": "\uba58\ud1a0\ub9c1 \ubcf4\uace0\uc11c", 
        "sign_users": [
            16, 
            21, 
            47
        ], 
        "is_submitted": true, 
        "is_complete": true
    }
},
{
    "pk": 33, 
    "model": "document.document", 
    "fields": {
        "complete_time": null, 
        "created": "2013-11-22T01:35:21.628", 
        "submit_user": null, 
        "deadline": "2013-11-23T18:00:00.628", 
        "submit_time": "2013-11-22T02:47:10.536", 
        "doc_title": "\uba58\ud1a0\ub9c1 \ubcf4\uace0\uc11c", 
        "sign_users": [
            16, 
            47
        ], 
        "is_submitted": true, 
        "is_complete": true
    }
},
{
    "pk": 34, 
    "model": "document.document", 
    "fields": {
        "complete_time": null, 
        "created": "2013-11-22T01:37:07.485", 
        "submit_user": null, 
        "deadline": "2013-11-23T18:00:00.484", 
        "submit_time": "2013-11-22T02:47:10.545", 
        "doc_title": "\uba58\ud1a0\ub9c1 \ubcf4\uace0\uc11c", 
        "sign_users": [
            16, 
            21, 
            47
        ], 
        "is_submitted": true, 
        "is_complete": true
    }
},
{
    "pk": 35, 
    "model": "document.document", 
    "fields": {
        "complete_time": null, 
        "created": "2013-11-22T01:38:04.239", 
        "submit_user": null, 
        "deadline": "2013-11-23T18:00:00.239", 
        "submit_time": "2013-11-22T02:47:10.554", 
        "doc_title": "\uba58\ud1a0\ub9c1 \ubcf4\uace0\uc11c", 
        "sign_users": [
            21, 
            47
        ], 
        "is_submitted": true, 
        "is_complete": true
    }
},
{
    "pk": 36, 
    "model": "document.document", 
    "fields": {
        "complete_time": null, 
        "created": "2013-11-22T02:42:49.810", 
        "submit_user": null, 
        "deadline": "2013-11-23T18:00:00.809", 
        "submit_time": null, 
        "doc_title": "\uba58\ud1a0\ub9c1 \ubcf4\uace0\uc11c", 
        "sign_users": [
            16, 
            21, 
            47
        ], 
        "is_submitted": false, 
        "is_complete": false
    }
}
]
